Goal,Target,Indicator,SeriesCode,SeriesDescription,GeoAreaCode,GeoAreaName,Reporting Type,Units,2000,2001,2002,2003,2004,2005,2006,2007,2008,2009,2010,2011,2012,2013,2014,2015,2016,2017,2018,2019,2020,2021
6,6.a,6.a.1,DC_TOF_WASHL,"Total official development assistance (gross disbursement) for water supply and sanitation, by recipient countries (millions of constant 2021 United States dollars)",4,Afghanistan,G,CON_USD_M,4.88931,1.3985,14.33227,27.62503,44.79318,111.01267,67.85544,52.74869,103.0272,89.32316,114.62019,171.48162,138.7019,151.73981,102.32336,82.83948,146.33683,102.2751,147.61768,156.0672,149.18243,79.47927
6,6.a,6.a.1,DC_TOF_WASHL,"Total official development assistance (gross disbursement) for water supply and sanitation, by recipient countries (millions of constant 2021 United States dollars)",2,Africa,G,CON_USD_M,1514.50676,1910.22204,1000.58126,1103.29662,1483.58111,1729.65427,1860.04355,2041.37725,2347.19939,2534.58934,2705.19918,2973.17926,3167.79447,3217.11517,3416.37453,3678.98665,3865.53606,3354.42957,4023.94576,4098.66312,3575.75951,3215.17719
6,6.a,6.a.1,DC_TOF_WASHL,"Total official development assistance (gross disbursement) for water supply and sanitation, by recipient countries (millions of constant 2021 United States dollars)",8,Albania,G,CON_USD_M,118.13218,20.8371,33.36381,33.05003,27.72273,39.98851,42.71248,42.90606,46.73945,35.3242,40.74531,48.34769,43.81441,42.08216,83.58903,92.5239,75.83034,65.23012,26.83503,51.00228,51.59717,47.52588
6,6.a,6.a.1,DC_TOF_WASHL,"Total official development assistance (gross disbursement) for water supply and sanitation, by recipient countries (millions of constant 2021 United States dollars)",12,Algeria,G,CON_USD_M,0.59499,22.45638,1.57936,3.89597,2.73396,50.56134,8.95138,6.88174,4.85404,16.34716,11.95581,18.39639,3.83879,11.52377,6.70275,5.38522,10.28854,4.2984,4.61172,8.26787,3.20681,1.27905
6,6.a,6.a.1,DC_TOF_WASHL,"Total official development assistance (gross disbursement) for water supply and sanitation, by recipient countries (millions of constant 2021 United States dollars)",24,Angola,G,CON_USD_M,28.6924,12.07951,18.69365,9.42951,12.15498,19.76236,16.2261,42.75142,22.44972,15.45593,9.33597,11.17559,27.63016,23.9132,26.17439,36.75586,46.77769,53.1103,25.84849,23.75918,4.87562,12.72926
6,6.a,6.a.1,DC_TOF_WASHL,"Total official development assistance (gross disbursement) for water supply and sanitation, by recipient countries (millions of constant 2021 United States dollars)",660,Anguilla,G,CON_USD_M,0.10808,,0.0221,,,,,,,,,,0.01478,0.0088,,,,,,,,
6,6.a,6.a.1,DC_TOF_WASHL,"Total official development assistance (gross disbursement) for water supply and sanitation, by recipient countries (millions of constant 2021 United States dollars)",28,Antigua and Barbuda,G,CON_USD_M,,,,,,,,,,,0.04729,0.01782,0.00888,0.00632,0.02772,0.0395,0.01582,0.41157,0.00903,1.25198,0.00388,0.97113
6,6.a,6.a.1,DC_TOF_WASHL,"Total official development assistance (gross disbursement) for water supply and sanitation, by recipient countries (millions of constant 2021 United States dollars)",32,Argentina,G,CON_USD_M,0.07104,0.02812,2.55548,3.96648,1.31117,0.44195,0.26078,1.16929,0.63142,2.78078,1.4663,1.2638,1.02667,2.36155,0.50462,3.83691,5.71651,12.63905,44.40362,21.91889,34.62958,64.20813
6,6.a,6.a.1,DC_TOF_WASHL,"Total official development assistance (gross disbursement) for water supply and sanitation, by recipient countries (millions of constant 2021 United States dollars)",51,Armenia,G,CON_USD_M,14.49253,51.89031,23.48466,25.29819,26.08902,28.96306,19.57481,22.37494,32.22994,38.74644,87.94449,107.07132,43.9191,41.04819,43.00281,42.74087,37.87637,89.92973,69.84043,6.95613,16.10955,22.45909
6,6.a,6.a.1,DC_TOF_WASHL,"Total official development assistance (gross disbursement) for water supply and sanitation, by recipient countries (millions of constant 2021 United States dollars)",142,Asia,G,CON_USD_M,2728.75916,3681.53478,1310.07439,1436.90302,1538.10345,3237.38408,2973.10441,2691.28784,2678.14874,2677.03485,3288.52471,3291.58824,3191.67742,3366.86143,3781.72523,4147.00853,4079.02158,4378.13153,4310.98302,3912.91766,3619.91575,3472.51294
6,6.a,6.a.1,DC_TOF_WASHL,"Total official development assistance (gross disbursement) for water supply and sanitation, by recipient countries (millions of constant 2021 United States dollars)",31,Azerbaijan,G,CON_USD_M,55.84439,0.44707,21.38156,14.26745,14.94796,22.96888,22.52811,20.1258,14.60813,21.48822,18.8435,23.16612,36.05123,63.52295,64.80841,73.15,101.24954,102.84451,112.44279,100.67071,50.51365,6.29369
6,6.a,6.a.1,DC_TOF_WASHL,"Total official development assistance (gross disbursement) for water supply and sanitation, by recipient countries (millions of constant 2021 United States dollars)",48,Bahrain,G,CON_USD_M,,,,,0.01547,,,,,,,,,,,,,,,,,
6,6.a,6.a.1,DC_TOF_WASHL,"Total official development assistance (gross disbursement) for water supply and sanitation, by recipient countries (millions of constant 2021 United States dollars)",50,Bangladesh,G,CON_USD_M,100.60519,154.25695,37.73797,23.48274,20.91372,26.78726,39.60026,53.02205,58.40675,84.02959,189.62456,189.45656,166.37995,142.55748,186.64896,217.92624,264.87159,240.72381,294.64665,351.44996,287.0606,283.91698
6,6.a,6.a.1,DC_TOF_WASHL,"Total official development assistance (gross disbursement) for water supply and sanitation, by recipient countries (millions of constant 2021 United States dollars)",52,Barbados,G,CON_USD_M,,,,0.71255,,,0.10341,0.09359,0.00122,0.02416,0.36921,,,,,,,,,,,
6,6.a,6.a.1,DC_TOF_WASHL,"Total official development assistance (gross disbursement) for water supply and sanitation, by recipient countries (millions of constant 2021 United States dollars)",112,Belarus,G,CON_USD_M,,,,,,0.11132,0.08257,0.05004,0.97648,0.54362,2.06174,0.16436,0.2809,0.8341,1.28902,1.39828,5.40367,3.18684,1.57044,3.3553,0.33412,1.24065
6,6.a,6.a.1,DC_TOF_WASHL,"Total official development assistance (gross disbursement) for water supply and sanitation, by recipient countries (millions of constant 2021 United States dollars)",84,Belize,G,CON_USD_M,,3.75981,2.49124,0.02715,,,,0.00033,0.53648,0.02175,0.12334,1.08871,0.59463,0.17211,0.76231,1.62278,0.48485,0.39726,0.86928,1.35935,0.37118,0.0688
6,6.a,6.a.1,DC_TOF_WASHL,"Total official development assistance (gross disbursement) for water supply and sanitation, by recipient countries (millions of constant 2021 United States dollars)",204,Benin,G,CON_USD_M,39.55072,10.41163,12.59438,16.73953,47.18257,55.21922,42.4445,54.75204,64.00314,56.89716,72.63863,50.11205,46.10775,60.36901,62.33532,17.9749,46.7529,33.55618,79.06449,57.62634,45.2379,46.07404
6,6.a,6.a.1,DC_TOF_WASHL,"Total official development assistance (gross disbursement) for water supply and sanitation, by recipient countries (millions of constant 2021 United States dollars)",64,Bhutan,G,CON_USD_M,5.65068,2.99711,1.6238,3.84481,4.84492,3.41236,2.92574,2.02165,1.46851,2.26456,3.01003,3.92279,2.50486,19.80233,50.27955,7.38739,4.6118,13.01003,21.37418,23.71191,13.02431,11.37946
6,6.a,6.a.1,DC_TOF_WASHL,"Total official development assistance (gross disbursement) for water supply and sanitation, by recipient countries (millions of constant 2021 United States dollars)",68,Bolivia (Plurinational State of),G,CON_USD_M,100.95843,19.71962,36.02139,14.23858,37.30081,48.81888,45.87532,32.6541,40.73367,73.64223,67.06866,85.56667,184.81269,92.08916,93.79128,101.89028,220.5922,222.36554,135.18225,154.00635,117.55299,88.27674
6,6.a,6.a.1,DC_TOF_WASHL,"Total official development assistance (gross disbursement) for water supply and sanitation, by recipient countries (millions of constant 2021 United States dollars)",70,Bosnia and Herzegovina,G,CON_USD_M,20.97938,41.72199,10.32132,14.71149,45.06107,21.66215,17.08111,17.81051,15.3802,18.92996,30.65715,46.56338,46.43549,40.32735,46.56583,74.02344,52.8919,52.89097,17.79062,29.44147,23.8259,21.56178
6,6.a,6.a.1,DC_TOF_WASHL,"Total official development assistance (gross disbursement) for water supply and sanitation, by recipient countries (millions of constant 2021 United States dollars)",72,Botswana,G,CON_USD_M,,0.05036,2.37828,0.22963,0.39954,0.10155,0.16482,1.31629,2.15325,0.40588,1.2574,0.84672,0.74004,0.37387,0.649,0.37747,0.0106,0.08074,0.07769,0.19441,0.03796,0.04197
6,6.a,6.a.1,DC_TOF_WASHL,"Total official development assistance (gross disbursement) for water supply and sanitation, by recipient countries (millions of constant 2021 United States dollars)",76,Brazil,G,CON_USD_M,3.20645,5.90122,6.03643,8.62845,3.79943,6.67747,17.18195,32.99259,142.59286,91.11684,14.52418,240.39608,132.57437,128.85214,157.65352,105.94746,111.04126,104.83266,42.41541,42.21292,24.18836,38.64088
6,6.a,6.a.1,DC_TOF_WASHL,"Total official development assistance (gross disbursement) for water supply and sanitation, by recipient countries (millions of constant 2021 United States dollars)",854,Burkina Faso,G,CON_USD_M,70.34542,158.05952,35.29537,54.9495,62.97459,76.03697,103.40791,95.29603,96.27896,68.38169,81.83121,140.4858,151.55011,149.57786,155.48657,108.80635,161.01918,127.5329,117.03372,176.51658,88.33892,108.30091
6,6.a,6.a.1,DC_TOF_WASHL,"Total official development assistance (gross disbursement) for water supply and sanitation, by recipient countries (millions of constant 2021 United States dollars)",108,Burundi,G,CON_USD_M,11.23612,13.61712,4.82291,4.90013,5.23811,6.59816,8.52911,14.15818,16.53601,20.68439,34.16532,34.06521,27.4498,25.33427,20.93259,14.24854,15.41635,21.39691,41.14852,94.79036,44.68314,41.9362
6,6.a,6.a.1,DC_TOF_WASHL,"Total official development assistance (gross disbursement) for water supply and sanitation, by recipient countries (millions of constant 2021 United States dollars)",132,Cabo Verde,G,CON_USD_M,0.8792,12.50409,6.16571,3.77403,9.81653,7.07821,6.32329,4.31664,9.99962,22.82787,13.37316,12.17023,15.66164,14.75041,9.7278,32.19937,27.0593,37.41032,8.73995,7.46211,6.38859,18.04764
6,6.a,6.a.1,DC_TOF_WASHL,"Total official development assistance (gross disbursement) for water supply and sanitation, by recipient countries (millions of constant 2021 United States dollars)",116,Cambodia,G,CON_USD_M,25.98166,34.35399,29.55006,39.07955,23.63643,22.28264,22.43191,27.9571,30.87257,17.94665,42.75929,60.37593,59.45304,77.57708,75.43058,85.66607,80.47436,175.15394,136.71154,191.39183,205.33512,309.41245
6,6.a,6.a.1,DC_TOF_WASHL,"Total official development assistance (gross disbursement) for water supply and sanitation, by recipient countries (millions of constant 2021 United States dollars)",120,Cameroon,G,CON_USD_M,6.33504,8.66681,8.35511,8.34875,9.93146,5.66168,3.12821,4.4747,17.31877,6.88228,19.90675,38.65937,22.15962,68.09226,121.89243,108.3429,143.06072,137.39615,107.91267,162.72869,87.01367,124.01076
6,6.a,6.a.1,DC_TOF_WASHL,"Total official development assistance (gross disbursement) for water supply and sanitation, by recipient countries (millions of constant 2021 United States dollars)",29,Caribbean,G,CON_USD_M,94.0237,26.28046,32.07754,37.55078,47.79044,33.63859,43.65412,22.1064,45.66815,141.70415,91.15019,72.14979,64.19071,75.01806,105.21926,101.73293,140.67997,148.67439,172.66859,68.41037,69.6786,110.41972
6,6.a,6.a.1,DC_TOF_WASHL,"Total official development assistance (gross disbursement) for water supply and sanitation, by recipient countries (millions of constant 2021 United States dollars)",135,Caucasus and Central Asia,G,CON_USD_M,114.77392,179.93242,74.61662,90.07645,107.91189,117.12765,116.75665,85.54421,151.91682,187.22371,253.48912,312.10066,254.21709,257.07722,347.35531,352.18343,440.48044,380.38534,439.4558,406.84239,363.77909,365.94281
6,6.a,6.a.1,DC_TOF_WASHL,"Total official development assistance (gross disbursement) for water supply and sanitation, by recipient countries (millions of constant 2021 United States dollars)",140,Central African Republic,G,CON_USD_M,0.25287,0.35238,1.02244,0.27082,0.19283,0.37943,0.97085,1.94171,3.02696,10.20634,5.6619,8.92056,7.26303,7.31216,6.34887,4.88526,5.96134,4.00832,12.27434,6.80172,16.19422,5.74785
6,6.a,6.a.1,DC_TOF_WASHL,"Total official development assistance (gross disbursement) for water supply and sanitation, by recipient countries (millions of constant 2021 United States dollars)",13,Central America,G,CON_USD_M,425.85364,258.03974,79.12177,105.37321,113.09917,236.81485,216.43342,147.08927,136.71672,331.69128,357.08058,189.38056,113.77821,152.30369,386.29288,155.37304,225.98878,126.63729,149.60244,190.10817,166.45759,143.02818
6,6.a,6.a.1,DC_TOF_WASHL,"Total official development assistance (gross disbursement) for water supply and sanitation, by recipient countries (millions of constant 2021 United States dollars)",143,Central Asia,G,CON_USD_M,43.60876,76.82515,22.61619,43.95363,53.74098,57.70539,59.88442,32.19747,85.92622,90.4448,90.40458,96.16689,111.10903,123.82933,177.8358,187.13172,231.2443,112.96756,191.68359,247.32502,259.58242,300.11695
6,6.a,6.a.1,DC_TOF_WASHL,"Total official development assistance (gross disbursement) for water supply and sanitation, by recipient countries (millions of constant 2021 United States dollars)",148,Chad,G,CON_USD_M,39.24043,4.49904,24.22864,25.10549,19.13075,22.02357,24.64345,22.06844,25.22156,30.00229,35.54572,28.05949,26.71116,22.42644,26.37605,41.74147,35.92628,49.26063,42.17961,23.44526,31.70893,25.50732
6,6.a,6.a.1,DC_TOF_WASHL,"Total official development assistance (gross disbursement) for water supply and sanitation, by recipient countries (millions of constant 2021 United States dollars)",152,Chile,G,CON_USD_M,0.45394,6.17048,0.09114,1.71166,5.16215,20.85963,17.04332,23.50781,32.42919,15.71931,10.89613,68.85692,35.55295,8.72183,1.05923,17.03625,4.36242,5.41675,,,,
6,6.a,6.a.1,DC_TOF_WASHL,"Total official development assistance (gross disbursement) for water supply and sanitation, by recipient countries (millions of constant 2021 United States dollars)",156,China,G,CON_USD_M,591.7764,799.54067,260.41228,246.72066,244.28294,423.79902,278.12494,339.14203,281.98401,329.56002,294.59357,218.47984,210.01957,226.33239,170.90442,216.33132,101.26754,102.68529,79.4806,91.78058,109.87249,63.22123
6,6.a,6.a.1,DC_TOF_WASHL,"Total official development assistance (gross disbursement) for water supply and sanitation, by recipient countries (millions of constant 2021 United States dollars)",170,Colombia,G,CON_USD_M,0.24943,0.6118,1.83743,2.05742,0.99714,0.8063,2.42812,2.95688,3.87361,60.39991,2.10868,3.09135,103.89832,27.65649,14.05468,4.46125,3.61593,13.91847,16.77791,16.41315,25.51238,21.47172
6,6.a,6.a.1,DC_TOF_WASHL,"Total official development assistance (gross disbursement) for water supply and sanitation, by recipient countries (millions of constant 2021 United States dollars)",174,Comoros,G,CON_USD_M,,9.64375,2.02752,1.46962,0.73882,1.33005,1.43298,1.73942,1.30904,1.38629,0.75235,2.22505,2.9317,3.45904,7.48274,6.94044,6.36191,4.34565,8.53053,10.3217,0.36025,1.20856
6,6.a,6.a.1,DC_TOF_WASHL,"Total official development assistance (gross disbursement) for water supply and sanitation, by recipient countries (millions of constant 2021 United States dollars)",178,Congo,G,CON_USD_M,0.6913,,,8.06098,3.14854,3.62538,2.13035,1.38524,1.85999,0.39891,2.15258,4.1727,3.33112,9.55269,7.85938,4.47169,2.91719,10.74381,25.60499,13.33531,35.65804,24.19915
6,6.a,6.a.1,DC_TOF_WASHL,"Total official development assistance (gross disbursement) for water supply and sanitation, by recipient countries (millions of constant 2021 United States dollars)",184,Cook Islands,G,CON_USD_M,0.41053,3.49008,0.2184,0.25595,0.23272,0.11783,0.47869,0.3766,0.2049,2.0142,0.58264,1.49045,2.37845,2.85827,2.36491,4.72233,3.83259,3.75957,7.47984,1.97644,,
6,6.a,6.a.1,DC_TOF_WASHL,"Total official development assistance (gross disbursement) for water supply and sanitation, by recipient countries (millions of constant 2021 United States dollars)",188,Costa Rica,G,CON_USD_M,1.05382,140.74321,0.48841,0.21002,0.65776,2.06397,11.45107,23.96536,21.2366,58.96708,49.10732,13.29454,8.43833,13.88524,23.13892,44.37136,15.09381,30.14117,11.27883,13.17851,2.42601,0.27831
6,6.a,6.a.1,DC_TOF_WASHL,"Total official development assistance (gross disbursement) for water supply and sanitation, by recipient countries (millions of constant 2021 United States dollars)",384,CÃ´te d'Ivoire,G,CON_USD_M,18.41716,26.12956,14.97227,5.98307,5.63339,3.86036,1.34048,4.86181,8.07773,31.8913,39.45295,31.24859,42.51821,20.66199,26.43557,28.33223,109.75468,8.66603,41.1045,32.237,15.96791,11.45152
6,6.a,6.a.1,DC_TOF_WASHL,"Total official development assistance (gross disbursement) for water supply and sanitation, by recipient countries (millions of constant 2021 United States dollars)",191,Croatia,G,CON_USD_M,0.46214,1.38977,0.0707,0.07597,0.00579,2.2175,9.13127,12.52102,25.69658,12.68821,10.87518,,,,,,,,,,,
6,6.a,6.a.1,DC_TOF_WASHL,"Total official development assistance (gross disbursement) for water supply and sanitation, by recipient countries (millions of constant 2021 United States dollars)",192,Cuba,G,CON_USD_M,0.72787,2.09884,1.38931,2.35244,6.62569,4.21165,2.59496,3.07199,2.70882,3.57768,14.49343,11.49438,9.06718,13.87484,15.44361,18.61346,60.95791,61.55317,116.49724,18.27196,16.88495,11.43795
6,6.a,6.a.1,DC_TOF_WASHL,"Total official development assistance (gross disbursement) for water supply and sanitation, by recipient countries (millions of constant 2021 United States dollars)",408,Democratic People's Republic of Korea,G,CON_USD_M,0.25997,1.43265,0.19861,0.47308,0.48293,0.71998,0.20114,1.00403,2.70822,0.73111,8.54935,6.96091,7.259,3.20446,4.35358,2.4145,1.60609,1.0943,1.22571,1.23248,0.16332,0.40055
6,6.a,6.a.1,DC_TOF_WASHL,"Total official development assistance (gross disbursement) for water supply and sanitation, by recipient countries (millions of constant 2021 United States dollars)",180,Democratic Republic of the Congo,G,CON_USD_M,2.31374,1.88839,4.8721,5.67969,10.68427,25.31017,26.98684,29.71383,48.46048,72.27921,119.01054,118.89226,162.78171,215.30106,171.78142,164.35591,161.68373,151.91755,166.18075,126.35836,76.43504,119.52173
6,6.a,6.a.1,DC_TOF_WASHL,"Total official development assistance (gross disbursement) for water supply and sanitation, by recipient countries (millions of constant 2021 United States dollars)",514,"Developed regions (Europe, Cyprus, Israel, Northern America, Japan, Australia & New Zealand)",G,CON_USD_M,283.5079,159.40462,80.62315,95.064,118.15579,120.59752,147.42129,159.86472,166.64832,182.17929,197.65852,192.7205,244.82844,211.66766,292.51856,340.97109,261.4857,271.93321,171.88122,223.63695,223.19696,204.06659
6,6.a,6.a.1,DC_TOF_WASHL,"Total official development assistance (gross disbursement) for water supply and sanitation, by recipient countries (millions of constant 2021 United States dollars)",515,Developing regions,G,CON_USD_M,5751.65251,6355.36325,2798.59392,3100.14245,3639.22098,5806.35098,5733.86336,5816.14746,6689.29522,6807.08172,7659.57666,8037.2889,7949.03474,8075.36129,9000.32001,9569.19943,9758.40676,9489.84427,10077.04627,9584.47697,8589.05135,8128.90276
6,6.a,6.a.1,DC_TOF_WASHL,"Total official development assistance (gross disbursement) for water supply and sanitation, by recipient countries (millions of constant 2021 United States dollars)",262,Djibouti,G,CON_USD_M,2.19577,6.87652,5.21737,6.63923,3.33613,1.903,0.60816,2.06372,2.6585,6.97646,8.27462,11.55008,22.025,27.94398,26.5931,16.04143,13.74455,23.3604,39.36869,47.96448,27.92508,15.13136
6,6.a,6.a.1,DC_TOF_WASHL,"Total official development assistance (gross disbursement) for water supply and sanitation, by recipient countries (millions of constant 2021 United States dollars)",212,Dominica,G,CON_USD_M,,,1.09888,0.42588,1.25917,1.54294,1.50822,0.12034,0.83634,0.20106,0.10746,0.87741,4.22627,1.97459,0.54583,0.81073,,0.81284,1.08879,0.31365,0.65921,0.99055
6,6.a,6.a.1,DC_TOF_WASHL,"Total official development assistance (gross disbursement) for water supply and sanitation, by recipient countries (millions of constant 2021 United States dollars)",214,Dominican Republic,G,CON_USD_M,59.22143,8.74041,6.52955,12.43143,28.12147,13.75858,18.48387,4.41359,4.62309,5.38465,18.13215,21.33083,4.53171,25.98398,21.05248,30.85022,36.32337,41.12188,1.74932,2.49972,11.83466,6.86121
6,6.a,6.a.1,DC_TOF_WASHL,"Total official development assistance (gross disbursement) for water supply and sanitation, by recipient countries (millions of constant 2021 United States dollars)",14,Eastern Africa,G,CON_USD_M,456.10318,390.81962,336.27829,433.17148,424.45734,648.93547,650.68393,872.08093,824.05405,992.10944,1000.62554,1002.05954,1289.33492,1380.28258,1281.35281,1221.34895,1343.89206,1340.36079,1494.03802,1534.72886,1258.62183,1293.79297
6,6.a,6.a.1,DC_TOF_WASHL,"Total official development assistance (gross disbursement) for water supply and sanitation, by recipient countries (millions of constant 2021 United States dollars)",30,Eastern Asia,G,CON_USD_M,592.36729,802.82803,265.20125,252.72329,250.66573,432.61217,290.13793,354.82473,296.83518,344.30304,328.96792,257.39128,253.62088,255.35875,193.95455,227.12369,110.32948,115.25071,106.7528,118.66929,144.62367,93.52116
6,6.a,6.a.1,DC_TOF_WASHL,"Total official development assistance (gross disbursement) for water supply and sanitation, by recipient countries (millions of constant 2021 United States dollars)",223,Eastern Asia (excluding Japan and China),G,CON_USD_M,0.59088,3.28737,4.78897,6.00263,6.3828,8.81315,12.013,15.6827,14.85117,14.74302,34.37435,38.91144,43.60131,29.02636,23.05013,10.79237,9.06194,12.56543,27.2722,26.88871,34.75118,30.29993
6,6.a,6.a.1,DC_TOF_WASHL,"Total official development assistance (gross disbursement) for water supply and sanitation, by recipient countries (millions of constant 2021 United States dollars)",151,Eastern Europe,G,CON_USD_M,0.43778,,4.24252,2.78684,1.47713,8.1612,11.8533,13.1436,6.7918,32.37001,27.65683,21.39496,34.18151,37.65985,41.19621,81.6863,24.43331,60.74129,26.04477,46.45448,64.991,33.56499
6,6.a,6.a.1,DC_TOF_WASHL,"Total official development assistance (gross disbursement) for water supply and sanitation, by recipient countries (millions of constant 2021 United States dollars)",218,Ecuador,G,CON_USD_M,71.47555,41.17167,9.71668,23.3982,10.89498,10.89163,15.34996,22.02957,20.19646,15.00076,30.08745,23.75462,24.34295,21.91271,10.92328,11.9308,34.90504,51.75971,60.6083,53.25337,65.42146,59.11199
6,6.a,6.a.1,DC_TOF_WASHL,"Total official development assistance (gross disbursement) for water supply and sanitation, by recipient countries (millions of constant 2021 United States dollars)",818,Egypt,G,CON_USD_M,117.64411,187.11564,188.62239,127.16949,325.52934,140.36896,136.83303,129.96476,157.68434,209.64128,143.96711,135.63039,132.60518,116.54984,145.67265,240.4691,286.46306,168.41067,389.5192,382.91877,387.88969,260.89992
6,6.a,6.a.1,DC_TOF_WASHL,"Total official development assistance (gross disbursement) for water supply and sanitation, by recipient countries (millions of constant 2021 United States dollars)",222,El Salvador,G,CON_USD_M,3.5865,42.82727,14.08892,12.49836,9.18675,19.48134,11.55866,14.21396,13.79767,43.39076,29.62755,6.05816,3.20399,13.01879,7.73381,3.25461,5.60346,14.6471,12.95343,11.09116,15.7358,30.18445
6,6.a,6.a.1,DC_TOF_WASHL,"Total official development assistance (gross disbursement) for water supply and sanitation, by recipient countries (millions of constant 2021 United States dollars)",226,Equatorial Guinea,G,CON_USD_M,0.09929,0.07448,7.64308,1.23511,3.38615,1.45056,3.32198,0.64078,0.02078,0.02803,,0.02121,,,0.01129,,,,0.02232,,0.00184,0.0911
6,6.a,6.a.1,DC_TOF_WASHL,"Total official development assistance (gross disbursement) for water supply and sanitation, by recipient countries (millions of constant 2021 United States dollars)",232,Eritrea,G,CON_USD_M,0.64128,7.30102,5.39423,1.35504,1.77219,5.48815,8.45007,3.72633,7.95752,6.93577,7.37511,2.89712,3.09759,0.95177,0.95831,0.6039,1.05289,0.71986,0.34605,3.76001,1.89394,0.59831
6,6.a,6.a.1,DC_TOF_WASHL,"Total official development assistance (gross disbursement) for water supply and sanitation, by recipient countries (millions of constant 2021 United States dollars)",748,Eswatini,G,CON_USD_M,0.08263,23.70277,0.17474,1.6905,6.96135,4.60922,3.02821,2.72662,7.71196,1.91694,4.46563,1.84911,0.88713,2.01432,2.88724,12.09503,14.38505,5.79232,4.05947,3.09245,10.72082,25.75271
6,6.a,6.a.1,DC_TOF_WASHL,"Total official development assistance (gross disbursement) for water supply and sanitation, by recipient countries (millions of constant 2021 United States dollars)",231,Ethiopia,G,CON_USD_M,12.19704,42.5586,27.38723,42.88902,38.78121,136.08323,145.77391,145.20395,151.76971,157.1012,136.34499,159.27605,204.54406,190.58693,231.12064,222.43181,229.68301,244.27614,210.38229,289.81061,164.69374,187.68824
6,6.a,6.a.1,DC_TOF_WASHL,"Total official development assistance (gross disbursement) for water supply and sanitation, by recipient countries (millions of constant 2021 United States dollars)",150,Europe,G,CON_USD_M,283.5079,159.40462,80.62315,95.064,118.15579,120.59752,147.42129,159.86472,166.64832,182.17929,197.65852,192.7205,244.82844,211.66766,292.51856,340.97109,261.4857,271.93321,171.88122,223.63695,223.19696,204.06659
6,6.a,6.a.1,DC_TOF_WASHL,"Total official development assistance (gross disbursement) for water supply and sanitation, by recipient countries (millions of constant 2021 United States dollars)",242,Fiji,G,CON_USD_M,0.45824,,0.1092,0.13173,0.20906,0.27549,1.16249,0.86912,2.26942,4.09007,1.90948,2.87182,1.11644,1.88261,4.04364,3.5896,2.91404,2.3256,7.03319,20.00092,2.87788,12.76585
6,6.a,6.a.1,DC_TOF_WASHL,"Total official development assistance (gross disbursement) for water supply and sanitation, by recipient countries (millions of constant 2021 United States dollars)",266,Gabon,G,CON_USD_M,0.11932,,,0.04217,0.06809,0.19118,0.02204,,16.29595,2.08437,8.79296,13.53647,10.61272,22.2842,17.4307,6.87962,5.51917,4.45959,1.0884,0.5703,0.84409,2.03806
6,6.a,6.a.1,DC_TOF_WASHL,"Total official development assistance (gross disbursement) for water supply and sanitation, by recipient countries (millions of constant 2021 United States dollars)",270,Gambia,G,CON_USD_M,0.25863,0.32485,1.02711,0.75886,2.027,2.28897,5.93836,16.65835,9.37595,8.94933,3.62639,3.50079,3.65974,0.48559,0.85252,2.72003,3.39303,1.90817,1.67872,1.81247,1.93142,3.17926
6,6.a,6.a.1,DC_TOF_WASHL,"Total official development assistance (gross disbursement) for water supply and sanitation, by recipient countries (millions of constant 2021 United States dollars)",268,Georgia,G,CON_USD_M,0.82824,50.7699,7.13421,6.55719,13.13394,7.49032,14.7693,10.846,19.15253,36.54425,56.29655,85.69633,63.13773,28.67676,61.7083,49.16084,70.11023,74.64354,65.489,51.89053,37.57348,37.05746
6,6.a,6.a.1,DC_TOF_WASHL,"Total official development assistance (gross disbursement) for water supply and sanitation, by recipient countries (millions of constant 2021 United States dollars)",288,Ghana,G,CON_USD_M,64.97118,66.0538,64.54541,59.43309,67.59377,78.46203,84.28127,126.67782,131.79321,64.76813,114.36335,72.54594,116.30813,63.32101,99.07892,158.55521,117.6813,81.35378,65.93483,68.111,73.94809,55.79625
6,6.a,6.a.1,DC_TOF_WASHL,"Total official development assistance (gross disbursement) for water supply and sanitation, by recipient countries (millions of constant 2021 United States dollars)",308,Grenada,G,CON_USD_M,8.94406,,3.5679,0.2748,0.12108,0.12877,0.27027,0.14053,0.00649,3.69193,0.52612,0.67065,1.00119,0.01734,0.0191,0.02013,0.01853,4.11144,0.0056,0.37471,5.56304,17.74086
6,6.a,6.a.1,DC_TOF_WASHL,"Total official development assistance (gross disbursement) for water supply and sanitation, by recipient countries (millions of constant 2021 United States dollars)",320,Guatemala,G,CON_USD_M,28.51547,8.93719,9.48418,12.75553,13.3942,18.56037,27.44636,15.28905,8.2303,32.75326,37.44219,10.36016,5.16886,5.28662,2.03028,2.79482,4.1619,16.58095,26.36104,21.28987,9.06812,11.46969
6,6.a,6.a.1,DC_TOF_WASHL,"Total official development assistance (gross disbursement) for water supply and sanitation, by recipient countries (millions of constant 2021 United States dollars)",324,Guinea,G,CON_USD_M,8.37819,64.84692,15.37611,31.4897,28.9771,26.5544,21.58551,20.59193,19.04405,15.84838,11.16749,9.78538,6.41423,29.73902,9.77939,13.33859,9.44216,21.10128,30.60617,31.56201,11.3103,39.58471
6,6.a,6.a.1,DC_TOF_WASHL,"Total official development assistance (gross disbursement) for water supply and sanitation, by recipient countries (millions of constant 2021 United States dollars)",624,Guinea-Bissau,G,CON_USD_M,0.4752,0.52441,3.64425,6.92415,4.12665,2.66248,2.4843,3.5239,3.00604,3.93833,2.21712,5.50398,6.58808,5.23039,2.91593,3.87831,6.09967,5.32913,3.66161,5.73151,2.34382,3.73308
6,6.a,6.a.1,DC_TOF_WASHL,"Total official development assistance (gross disbursement) for water supply and sanitation, by recipient countries (millions of constant 2021 United States dollars)",328,Guyana,G,CON_USD_M,41.34048,,6.47247,13.79884,7.03449,8.0355,11.25057,7.06295,6.87181,13.31993,17.47846,9.68292,14.2697,7.47668,17.3799,3.13849,0.83627,0.2371,10.54982,5.06476,2.60732,0.3259
6,6.a,6.a.1,DC_TOF_WASHL,"Total official development assistance (gross disbursement) for water supply and sanitation, by recipient countries (millions of constant 2021 United States dollars)",332,Haiti,G,CON_USD_M,0.96028,4.66621,3.58927,3.59542,3.52627,6.38625,7.40643,8.58117,16.43721,116.85776,42.54818,35.23392,44.09462,32.20141,67.49854,50.00648,42.54245,39.21508,50.53412,44.97923,32.04399,65.64847
6,6.a,6.a.1,DC_TOF_WASHL,"Total official development assistance (gross disbursement) for water supply and sanitation, by recipient countries (millions of constant 2021 United States dollars)",340,Honduras,G,CON_USD_M,128.03422,12.49527,16.61909,27.34397,28.10134,32.77849,24.14793,27.74208,26.5643,36.66022,67.96429,43.83415,29.80145,27.6304,21.54682,34.29539,14.50221,11.54599,10.88211,47.23869,67.97762,27.19179
6,6.a,6.a.1,DC_TOF_WASHL,"Total official development assistance (gross disbursement) for water supply and sanitation, by recipient countries (millions of constant 2021 United States dollars)",356,India,G,CON_USD_M,195.56952,391.82607,242.25061,188.9761,237.42674,418.04245,356.92575,301.58594,367.72737,305.2077,465.09884,493.21585,461.75111,471.69882,499.23225,483.57269,580.0708,691.46845,623.74876,392.72613,309.70905,420.22784
6,6.a,6.a.1,DC_TOF_WASHL,"Total official development assistance (gross disbursement) for water supply and sanitation, by recipient countries (millions of constant 2021 United States dollars)",360,Indonesia,G,CON_USD_M,93.90351,296.56834,51.9277,56.24674,72.02258,98.69296,209.78409,202.61373,199.89293,249.13572,285.70956,292.59442,233.42595,205.91731,142.3082,134.28437,129.16544,116.91998,125.03657,134.75798,185.41446,204.17156
6,6.a,6.a.1,DC_TOF_WASHL,"Total official development assistance (gross disbursement) for water supply and sanitation, by recipient countries (millions of constant 2021 United States dollars)",364,Iran (Islamic Republic of),G,CON_USD_M,62.16287,,19.0411,9.53019,6.93489,2.16409,3.34644,2.58781,2.16703,1.46236,1.11527,1.15698,1.17151,2.23043,2.13406,1.19651,2.38289,1.36298,0.97848,2.58853,1.15859,3.48711
6,6.a,6.a.1,DC_TOF_WASHL,"Total official development assistance (gross disbursement) for water supply and sanitation, by recipient countries (millions of constant 2021 United States dollars)",368,Iraq,G,CON_USD_M,1.96469,0.78778,1.65878,25.37043,94.91297,1230.25612,875.26587,633.95506,216.47988,152.38728,191.13256,72.41313,75.73382,103.2179,150.15815,203.83226,151.56879,221.8707,92.27779,90.9825,68.59898,83.80115
6,6.a,6.a.1,DC_TOF_WASHL,"Total official development assistance (gross disbursement) for water supply and sanitation, by recipient countries (millions of constant 2021 United States dollars)",388,Jamaica,G,CON_USD_M,23.05622,1.63393,5.28627,11.47837,5.47331,5.24857,8.04168,2.84475,17.60664,11.38978,14.80796,2.39097,1.17002,0.90739,0.32906,1.0692,0.15952,0.60454,0.66282,0.40543,0.3986,0.04754
6,6.a,6.a.1,DC_TOF_WASHL,"Total official development assistance (gross disbursement) for water supply and sanitation, by recipient countries (millions of constant 2021 United States dollars)",400,Jordan,G,CON_USD_M,196.05688,118.74241,64.01991,103.60041,118.25387,173.27547,134.28554,126.94511,94.90842,158.93181,115.75225,105.0833,129.25847,143.40136,264.85168,391.35121,502.87426,585.79883,344.58465,329.19392,386.98192,182.04348
6,6.a,6.a.1,DC_TOF_WASHL,"Total official development assistance (gross disbursement) for water supply and sanitation, by recipient countries (millions of constant 2021 United States dollars)",398,Kazakhstan,G,CON_USD_M,8.25204,36.54864,0.20102,18.31646,12.66445,7.02425,22.21162,1.16815,48.79029,50.07117,20.94674,4.40815,0.93271,0.19512,0.02429,0.19135,0.23615,0.82013,0.78732,1.18941,0.66226,0.38389
6,6.a,6.a.1,DC_TOF_WASHL,"Total official development assistance (gross disbursement) for water supply and sanitation, by recipient countries (millions of constant 2021 United States dollars)",404,Kenya,G,CON_USD_M,21.81074,39.54919,26.14031,28.23085,43.32614,51.6582,61.6119,105.28949,120.47721,120.35747,171.04357,172.29021,189.91995,196.97814,204.82161,172.6261,220.51499,244.27347,295.32058,217.18882,206.88589,247.10028
6,6.a,6.a.1,DC_TOF_WASHL,"Total official development assistance (gross disbursement) for water supply and sanitation, by recipient countries (millions of constant 2021 United States dollars)",296,Kiribati,G,CON_USD_M,,0.6701,1.87987,0.29147,,0.00648,0.03484,0.00039,,0.00012,0.14399,8.71942,2.02602,6.28509,5.51744,7.249,3.95399,11.22588,5.07354,5.48837,5.37515,10.91987
6,6.a,6.a.1,DC_TOF_WASHL,"Total official development assistance (gross disbursement) for water supply and sanitation, by recipient countries (millions of constant 2021 United States dollars)",412,Kosovo,G,CON_USD_M,,,,,,,,,,7.98528,13.43226,20.76769,30.83423,19.51265,27.60246,28.13813,33.91144,16.07067,12.92531,22.80711,12.70817,20.31534
6,6.a,6.a.1,DC_TOF_WASHL,"Total official development assistance (gross disbursement) for water supply and sanitation, by recipient countries (millions of constant 2021 United States dollars)",417,Kyrgyzstan,G,CON_USD_M,15.50894,32.26127,10.33485,8.00413,9.94216,14.92457,15.03436,12.24962,7.77498,15.2772,12.01984,28.00301,18.78513,17.7204,28.59631,24.40121,44.40083,13.28792,9.03748,16.06977,25.82068,70.45783
6,6.a,6.a.1,DC_TOF_WASHL,"Total official development assistance (gross disbursement) for water supply and sanitation, by recipient countries (millions of constant 2021 United States dollars)",432,Landlocked developing countries (LLDCs),G,CON_USD_M,988.6429,1065.91151,488.46922,659.54693,696.44821,957.42852,949.58222,968.90737,1062.66744,1283.01771,1383.66153,1595.38207,1785.00455,1811.01686,1889.22858,1848.20265,2207.07274,2229.2773,2213.66123,2344.51389,2089.80259,1905.47997
6,6.a,6.a.1,DC_TOF_WASHL,"Total official development assistance (gross disbursement) for water supply and sanitation, by recipient countries (millions of constant 2021 United States dollars)",418,Lao People's Democratic Republic,G,CON_USD_M,41.70612,38.09583,12.45481,19.93425,15.06358,10.14177,7.7163,13.31595,23.1238,32.56709,28.80721,33.47153,27.91726,29.70499,58.29058,114.82594,33.84397,63.68578,72.8445,81.91394,77.00888,75.44963
6,6.a,6.a.1,DC_TOF_WASHL,"Total official development assistance (gross disbursement) for water supply and sanitation, by recipient countries (millions of constant 2021 United States dollars)",419,Latin America and the Caribbean,G,CON_USD_M,1065.18044,366.64924,197.88718,250.98112,271.96367,425.13534,441.51316,514.5813,597.85687,879.13025,813.40239,927.45886,745.54678,584.55147,849.32292,582.59234,813.5252,760.51612,728.90342,636.37515,548.18045,561.06522
6,6.a,6.a.1,DC_TOF_WASHL,"Total official development assistance (gross disbursement) for water supply and sanitation, by recipient countries (millions of constant 2021 United States dollars)",199,Least Developed Countries (LDCs),G,CON_USD_M,1224.3418,1641.78991,750.97282,969.81532,1010.83637,1378.1046,1327.49487,1593.0381,1777.35774,2107.34268,2280.19188,2426.43456,2650.44664,2889.84271,2882.32923,2929.05037,3072.44095,3090.55435,3456.4944,3755.94533,3085.32944,3028.10623
6,6.a,6.a.1,DC_TOF_WASHL,"Total official development assistance (gross disbursement) for water supply and sanitation, by recipient countries (millions of constant 2021 United States dollars)",422,Lebanon,G,CON_USD_M,2.37318,54.63977,3.30435,8.37774,7.79164,7.4215,16.11264,9.99702,64.32376,50.3666,54.2017,67.75319,112.62303,80.05349,103.67914,118.21747,127.95972,111.84881,187.26499,131.65623,127.96256,81.44365
6,6.a,6.a.1,DC_TOF_WASHL,"Total official development assistance (gross disbursement) for water supply and sanitation, by recipient countries (millions of constant 2021 United States dollars)",426,Lesotho,G,CON_USD_M,4.97724,6.51253,4.18144,10.36431,6.85829,7.56017,5.56473,9.37358,18.5094,25.45586,41.17978,57.52948,83.71949,110.91249,35.06441,22.98445,17.25009,12.44973,11.02815,8.96735,10.54164,12.54777
6,6.a,6.a.1,DC_TOF_WASHL,"Total official development assistance (gross disbursement) for water supply and sanitation, by recipient countries (millions of constant 2021 United States dollars)",430,Liberia,G,CON_USD_M,0.05367,,0.24752,0.00237,0.36495,0.9505,0.48228,0.6484,4.77761,9.11967,8.40942,4.83806,10.46404,22.92814,16.3936,42.61933,120.68484,90.89705,50.41979,27.98573,25.83532,14.86739
6,6.a,6.a.1,DC_TOF_WASHL,"Total official development assistance (gross disbursement) for water supply and sanitation, by recipient countries (millions of constant 2021 United States dollars)",434,Libya,G,CON_USD_M,,,,,,0.01212,0.00764,0.00692,0.00663,0.00646,,0.23336,0.4435,,,,0.00127,2.47765,0.30488,1.93308,0.01048,1.432
6,6.a,6.a.1,DC_TOF_WASHL,"Total official development assistance (gross disbursement) for water supply and sanitation, by recipient countries (millions of constant 2021 United States dollars)",450,Madagascar,G,CON_USD_M,20.0356,30.93895,12.11716,21.22126,24.62204,28.11745,15.40834,14.10388,18.71494,15.00122,13.99109,27.43559,26.78867,30.83569,29.96573,19.00115,18.82545,30.47089,25.63714,46.92609,53.31237,28.50091
6,6.a,6.a.1,DC_TOF_WASHL,"Total official development assistance (gross disbursement) for water supply and sanitation, by recipient countries (millions of constant 2021 United States dollars)",454,Malawi,G,CON_USD_M,28.36405,9.32378,38.82305,36.57394,20.01718,18.08141,14.50557,27.45772,22.71102,21.07287,26.6496,37.95183,78.45009,102.12606,109.96184,66.78792,69.45058,114.3158,90.46279,93.62102,94.65621,80.63069
6,6.a,6.a.1,DC_TOF_WASHL,"Total official development assistance (gross disbursement) for water supply and sanitation, by recipient countries (millions of constant 2021 United States dollars)",458,Malaysia,G,CON_USD_M,543.18268,0.03904,4.83086,3.44848,41.09149,20.75191,177.08349,85.10396,87.56712,94.48575,58.39508,117.23791,135.42635,114.67881,67.88801,70.92053,21.95507,1.76095,2.40474,28.7713,0.60469,0.57739
6,6.a,6.a.1,DC_TOF_WASHL,"Total official development assistance (gross disbursement) for water supply and sanitation, by recipient countries (millions of constant 2021 United States dollars)",462,Maldives,G,CON_USD_M,,0.64352,0.2382,0.00149,0.02378,,0.91133,2.75476,0.61208,1.48896,2.17959,11.74161,4.62542,7.28295,4.94107,8.19829,3.98954,7.01279,25.0891,8.61422,14.51925,25.75091
6,6.a,6.a.1,DC_TOF_WASHL,"Total official development assistance (gross disbursement) for water supply and sanitation, by recipient countries (millions of constant 2021 United States dollars)",466,Mali,G,CON_USD_M,127.41316,18.37038,41.34684,36.46852,40.76701,59.34519,64.77985,71.39565,67.85146,103.81855,134.24746,181.04314,116.36858,112.56563,149.03839,88.44515,174.41435,158.64818,161.5478,135.73389,124.95856,98.98572
6,6.a,6.a.1,DC_TOF_WASHL,"Total official development assistance (gross disbursement) for water supply and sanitation, by recipient countries (millions of constant 2021 United States dollars)",584,Marshall Islands,G,CON_USD_M,,,,0.00164,0.01477,0.00869,0.17783,0.02831,,0.05645,0.17617,0.46058,1.23999,0.63412,1.05555,1.11675,0.61736,2.16108,2.03012,2.17744,3.84016,1.07046
6,6.a,6.a.1,DC_TOF_WASHL,"Total official development assistance (gross disbursement) for water supply and sanitation, by recipient countries (millions of constant 2021 United States dollars)",478,Mauritania,G,CON_USD_M,1.98371,7.52801,8.05704,17.40594,11.0416,7.87873,11.62828,13.1179,142.67849,100.0669,88.61635,43.95243,58.07445,23.74155,27.8486,64.45438,46.84699,66.64034,69.89979,96.36994,63.70174,26.96711
6,6.a,6.a.1,DC_TOF_WASHL,"Total official development assistance (gross disbursement) for water supply and sanitation, by recipient countries (millions of constant 2021 United States dollars)",480,Mauritius,G,CON_USD_M,7.2393,12.57158,26.17581,12.90937,24.38046,12.28154,16.15576,12.93592,9.14635,1.01932,0.49812,3.09482,20.67468,17.73996,0.38311,5.77703,13.53308,0.15826,0.40158,3.29535,9.05477,2.65134
6,6.a,6.a.1,DC_TOF_WASHL,"Total official development assistance (gross disbursement) for water supply and sanitation, by recipient countries (millions of constant 2021 United States dollars)",175,Mayotte,G,CON_USD_M,1.16003,,0.13417,0.14397,0.00509,0.04016,,1.93852,0.41869,1.6097,,,,,,,,,,,,
6,6.a,6.a.1,DC_TOF_WASHL,"Total official development assistance (gross disbursement) for water supply and sanitation, by recipient countries (millions of constant 2021 United States dollars)",54,Melanesia,G,CON_USD_M,16.80188,51.19225,10.42702,4.18828,7.50475,3.92703,6.27815,7.84188,15.42236,7.0738,23.71357,16.73559,20.66734,25.07422,23.19708,22.29602,49.30155,45.81135,54.45729,71.88412,50.92004,54.87825
6,6.a,6.a.1,DC_TOF_WASHL,"Total official development assistance (gross disbursement) for water supply and sanitation, by recipient countries (millions of constant 2021 United States dollars)",484,Mexico,G,CON_USD_M,184.06068,2.06596,4.34168,28.50404,37.42219,134.11865,121.10151,29.60039,21.70475,11.21066,31.63521,5.07291,5.75375,29.70275,288.02174,17.69582,144.28279,15.04613,1.57788,2.56135,1.53981,2.34639
6,6.a,6.a.1,DC_TOF_WASHL,"Total official development assistance (gross disbursement) for water supply and sanitation, by recipient countries (millions of constant 2021 United States dollars)",57,Micronesia,G,CON_USD_M,,0.6701,1.87987,0.31689,0.01477,0.28098,1.41886,0.91847,0.68283,0.40412,0.78827,13.49975,3.79749,9.68774,9.01092,17.42249,14.8105,19.98302,14.44113,16.56328,14.58325,14.89928
6,6.a,6.a.1,DC_TOF_WASHL,"Total official development assistance (gross disbursement) for water supply and sanitation, by recipient countries (millions of constant 2021 United States dollars)",583,Micronesia (Federated States of),G,CON_USD_M,,,,0.00164,,,0.05971,0.00274,,0.01362,0.14197,0.4194,0.17234,2.07123,1.77486,1.96898,0.70938,1.04753,0.22531,1.59529,1.73757,1.54547
6,6.a,6.a.1,DC_TOF_WASHL,"Total official development assistance (gross disbursement) for water supply and sanitation, by recipient countries (millions of constant 2021 United States dollars)",17,Middle Africa,G,CON_USD_M,83.15025,29.58553,67.34477,61.51486,61.59622,80.35712,78.3508,103.77109,135.50668,138.34238,203.60996,224.69385,260.99264,369.75576,378.80451,374.34852,411.11801,419.95588,390.10612,363.82082,259.62486,317.53243
6,6.a,6.a.1,DC_TOF_WASHL,"Total official development assistance (gross disbursement) for water supply and sanitation, by recipient countries (millions of constant 2021 United States dollars)",496,Mongolia,G,CON_USD_M,0.33091,1.85472,4.59036,5.52955,5.89986,8.09317,11.81185,14.67867,12.14294,14.01192,25.825,31.95053,36.34231,25.8219,18.69655,8.37787,7.45585,11.47113,26.0465,25.65623,34.58787,29.87893
6,6.a,6.a.1,DC_TOF_WASHL,"Total official development assistance (gross disbursement) for water supply and sanitation, by recipient countries (millions of constant 2021 United States dollars)",499,Montenegro,G,CON_USD_M,,,,,0.46935,1.46576,1.58372,2.83588,10.9554,8.67663,12.74961,19.5367,44.70605,20.8641,31.2616,17.44273,14.84844,11.35596,28.3102,9.72421,15.68381,9.87917
6,6.a,6.a.1,DC_TOF_WASHL,"Total official development assistance (gross disbursement) for water supply and sanitation, by recipient countries (millions of constant 2021 United States dollars)",500,Montserrat,G,CON_USD_M,0.51034,0.30359,0.53997,0.9663,0.23764,0.00766,,0.98973,1.34476,0.10172,,,,,,,,0.24677,0.04844,0.00782,,
6,6.a,6.a.1,DC_TOF_WASHL,"Total official development assistance (gross disbursement) for water supply and sanitation, by recipient countries (millions of constant 2021 United States dollars)",504,Morocco,G,CON_USD_M,248.69135,266.6523,48.93243,63.86501,88.63514,144.63683,214.05527,114.7106,164.0767,144.24848,170.8916,207.99516,273.01674,178.73266,303.61493,411.92798,271.81863,168.71495,173.40769,249.89184,297.60575,234.94214
6,6.a,6.a.1,DC_TOF_WASHL,"Total official development assistance (gross disbursement) for water supply and sanitation, by recipient countries (millions of constant 2021 United States dollars)",508,Mozambique,G,CON_USD_M,59.66291,58.17264,60.22418,62.06421,60.63097,127.50332,75.93107,91.19571,94.84573,101.7429,99.95801,120.46388,167.9647,230.50612,144.34173,155.35918,152.59679,114.48521,127.51153,125.66812,140.54799,140.77034
6,6.a,6.a.1,DC_TOF_WASHL,"Total official development assistance (gross disbursement) for water supply and sanitation, by recipient countries (millions of constant 2021 United States dollars)",104,Myanmar,G,CON_USD_M,1.58949,6.58524,6.13571,7.39176,2.21922,0.97663,1.51978,2.56075,4.3538,7.88596,21.95194,13.00489,8.93376,27.17617,33.94307,82.9078,91.76746,76.18503,117.74223,144.57729,98.46444,42.44403
6,6.a,6.a.1,DC_TOF_WASHL,"Total official development assistance (gross disbursement) for water supply and sanitation, by recipient countries (millions of constant 2021 United States dollars)",516,Namibia,G,CON_USD_M,2.91059,17.30198,3.00077,6.46207,9.32138,2.52134,5.02876,6.60816,11.73328,12.74474,15.16729,57.69883,17.99935,16.81838,13.1483,2.94954,11.33071,6.07169,5.64028,2.4596,1.48316,2.80306
6,6.a,6.a.1,DC_TOF_WASHL,"Total official development assistance (gross disbursement) for water supply and sanitation, by recipient countries (millions of constant 2021 United States dollars)",520,Nauru,G,CON_USD_M,,,,,,0.00648,,0.00274,0.1627,0.12007,0.16902,0.22275,0.17984,0.24018,0.08426,5.66019,2.06076,0.1133,0.06611,0.18028,,0.01235
6,6.a,6.a.1,DC_TOF_WASHL,"Total official development assistance (gross disbursement) for water supply and sanitation, by recipient countries (millions of constant 2021 United States dollars)",524,Nepal,G,CON_USD_M,66.04427,322.71498,49.5304,95.84952,54.34189,56.66097,53.66513,28.94647,51.39744,62.19167,81.27588,89.09361,117.36716,89.32038,94.59058,116.72599,138.40301,187.90293,146.16738,156.08143,160.69836,185.18838
6,6.a,6.a.1,DC_TOF_WASHL,"Total official development assistance (gross disbursement) for water supply and sanitation, by recipient countries (millions of constant 2021 United States dollars)",558,Nicaragua,G,CON_USD_M,79.07915,39.79092,31.33027,21.88478,24.31053,26.35431,18.0102,35.84446,40.79567,119.22155,53.88448,41.68132,45.16418,50.91525,40.55932,50.03986,40.33309,33.04884,66.26437,71.67629,66.16474,53.99342
6,6.a,6.a.1,DC_TOF_WASHL,"Total official development assistance (gross disbursement) for water supply and sanitation, by recipient countries (millions of constant 2021 United States dollars)",562,Niger,G,CON_USD_M,72.10832,113.34534,23.2374,38.44214,62.53494,60.72305,58.16165,34.11646,45.11577,44.86397,43.22579,37.40467,34.3145,50.13864,59.35256,77.62088,69.74839,84.60187,89.07753,173.27324,214.64006,153.70227
6,6.a,6.a.1,DC_TOF_WASHL,"Total official development assistance (gross disbursement) for water supply and sanitation, by recipient countries (millions of constant 2021 United States dollars)",566,Nigeria,G,CON_USD_M,55.86272,96.20259,11.92422,11.8977,24.35463,43.74526,63.97131,90.70401,114.13174,108.23188,117.27311,111.90144,129.92891,144.88643,177.69676,220.27694,213.82799,161.02342,230.03609,212.52535,140.02918,110.35172
6,6.a,6.a.1,DC_TOF_WASHL,"Total official development assistance (gross disbursement) for water supply and sanitation, by recipient countries (millions of constant 2021 United States dollars)",570,Niue,G,CON_USD_M,,,0.1092,,0.10609,0.51395,,0.02036,0.03363,0.11711,0.38777,0.14088,0.23206,0.11725,,,0.00848,0.02647,,0.01097,0.00897,0.00596
6,6.a,6.a.1,DC_TOF_WASHL,"Total official development assistance (gross disbursement) for water supply and sanitation, by recipient countries (millions of constant 2021 United States dollars)",807,North Macedonia,G,CON_USD_M,58.96844,30.97069,11.2248,21.15247,17.34133,20.33284,28.05351,26.65909,28.50627,30.63201,27.51156,8.52798,13.34968,20.2631,34.15066,13.86685,20.97798,17.63625,18.85182,12.51114,15.63832,26.23059
6,6.a,6.a.1,DC_TOF_WASHL,"Total official development assistance (gross disbursement) for water supply and sanitation, by recipient countries (millions of constant 2021 United States dollars)",15,Northern Africa,G,CON_USD_M,459.73725,571.01946,278.0284,233.37015,461.37592,441.45728,501.14293,370.4829,473.75332,557.64697,570.34971,645.38718,639.12887,465.14436,686.72922,1021.33884,794.48432,556.54867,854.89742,830.41816,1034.3961,730.23143
6,6.a,6.a.1,DC_TOF_WASHL,"Total official development assistance (gross disbursement) for water supply and sanitation, by recipient countries (millions of constant 2021 United States dollars)",9,Oceania,G,CON_USD_M,28.11511,55.35243,19.69874,8.42204,12.07195,11.03366,13.64103,14.00187,27.6675,20.54908,42.8245,57.89243,37.56697,46.69159,51.7782,70.42479,93.33446,89.46426,98.26124,100.10643,70.45174,75.04213
6,6.a,6.a.1,DC_TOF_WASHL,"Total official development assistance (gross disbursement) for water supply and sanitation, by recipient countries (millions of constant 2021 United States dollars)",921,ODA residual,G,CON_USD_M,131.58314,182.20014,189.72921,205.47565,215.34501,282.5461,298.13992,395.03448,871.77441,513.59891,611.96736,594.44959,561.62067,648.47398,608.60057,749.21603,645.50375,635.36957,743.07162,612.77766,551.54695,601.03869
6,6.a,6.a.1,DC_TOF_WASHL,"Total official development assistance (gross disbursement) for water supply and sanitation, by recipient countries (millions of constant 2021 United States dollars)",512,Oman,G,CON_USD_M,0.02784,0.01868,0.03783,0.04815,0.02098,0.0347,0.10878,0.17395,,0.41121,0.25449,,,,,,,,,,,
6,6.a,6.a.1,DC_TOF_WASHL,"Total official development assistance (gross disbursement) for water supply and sanitation, by recipient countries (millions of constant 2021 United States dollars)",586,Pakistan,G,CON_USD_M,16.62643,33.10266,108.24953,45.01669,56.07175,47.03321,104.82792,118.45445,65.96802,78.99047,85.75087,115.32433,187.54821,251.32054,259.28944,310.20913,192.97623,328.24008,235.35781,192.57303,174.3849,195.97914
6,6.a,6.a.1,DC_TOF_WASHL,"Total official development assistance (gross disbursement) for water supply and sanitation, by recipient countries (millions of constant 2021 United States dollars)",585,Palau,G,CON_USD_M,,,,0.02213,,0.25934,1.14648,0.88429,0.52013,0.21386,0.15712,3.67761,0.17931,0.45711,0.57882,1.42756,7.46902,5.43523,7.04604,7.12191,3.63037,1.35114
6,6.a,6.a.1,DC_TOF_WASHL,"Total official development assistance (gross disbursement) for water supply and sanitation, by recipient countries (millions of constant 2021 United States dollars)",591,Panama,G,CON_USD_M,1.52381,7.42012,0.27799,2.14936,0.0264,3.45773,2.71769,0.43364,3.85095,29.46601,87.2962,67.99062,15.65303,11.69252,2.49969,1.29841,1.52667,5.22987,19.41552,21.71296,3.17431,17.49533
6,6.a,6.a.1,DC_TOF_WASHL,"Total official development assistance (gross disbursement) for water supply and sanitation, by recipient countries (millions of constant 2021 United States dollars)",598,Papua New Guinea,G,CON_USD_M,13.9758,50.94964,10.08332,3.31808,6.94333,2.39217,3.97867,3.54663,4.83476,1.31342,14.58867,7.52924,11.22183,2.3789,5.45735,6.81803,37.51493,29.36625,35.15355,29.05212,18.56084,21.43551
6,6.a,6.a.1,DC_TOF_WASHL,"Total official development assistance (gross disbursement) for water supply and sanitation, by recipient countries (millions of constant 2021 United States dollars)",600,Paraguay,G,CON_USD_M,0.6529,0.00842,0.38953,0.39129,0.20619,0.75292,0.63693,0.69815,2.90818,14.53067,8.1574,4.67032,8.98997,11.28563,3.92215,3.49252,18.87306,9.35896,18.20644,31.68588,22.90306,15.89214
6,6.a,6.a.1,DC_TOF_WASHL,"Total official development assistance (gross disbursement) for water supply and sanitation, by recipient countries (millions of constant 2021 United States dollars)",604,Peru,G,CON_USD_M,323.15283,8.52869,19.34983,36.76719,38.53377,44.50823,57.62618,210.85632,157.05328,110.11547,205.07432,216.45501,61.12969,55.40276,57.79775,72.52505,45.46686,61.88032,77.97398,51.96354,17.6953,18.27055
6,6.a,6.a.1,DC_TOF_WASHL,"Total official development assistance (gross disbursement) for water supply and sanitation, by recipient countries (millions of constant 2021 United States dollars)",608,Philippines,G,CON_USD_M,22.39182,74.45165,20.11286,26.89856,29.65999,26.05831,30.23449,67.20292,101.2829,45.58392,48.25649,26.22256,15.25263,22.79695,25.47217,29.01843,21.64511,24.08792,116.41747,94.88587,27.6247,45.94453
6,6.a,6.a.1,DC_TOF_WASHL,"Total official development assistance (gross disbursement) for water supply and sanitation, by recipient countries (millions of constant 2021 United States dollars)",61,Polynesia,G,CON_USD_M,11.31323,3.49008,7.39185,3.91688,4.55243,6.82565,5.94403,5.24152,11.5623,13.07117,18.32266,27.65709,13.10214,11.92963,19.5702,30.70629,29.22241,23.6699,29.36281,11.65904,4.94846,5.2646
6,6.a,6.a.1,DC_TOF_WASHL,"Total official development assistance (gross disbursement) for water supply and sanitation, by recipient countries (millions of constant 2021 United States dollars)",498,Republic of Moldova,G,CON_USD_M,0.43778,,4.24252,2.78684,1.47713,2.80384,6.32683,9.35653,4.32571,30.49932,19.93076,12.00618,33.35858,36.36848,32.41033,70.59524,11.44512,21.23014,12.83046,9.23707,26.65157,6.86979
6,6.a,6.a.1,DC_TOF_WASHL,"Total official development assistance (gross disbursement) for water supply and sanitation, by recipient countries (millions of constant 2021 United States dollars)",646,Rwanda,G,CON_USD_M,42.1481,12.78868,7.02077,6.60752,21.73352,28.75106,33.93029,56.32224,44.69971,25.49688,42.07224,45.46664,36.03965,43.32324,36.13004,40.71138,71.66607,63.81178,50.03215,51.88442,48.06168,31.02364
6,6.a,6.a.1,DC_TOF_WASHL,"Total official development assistance (gross disbursement) for water supply and sanitation, by recipient countries (millions of constant 2021 United States dollars)",654,Saint Helena,G,CON_USD_M,3.0582,0.25675,0.80165,0.42339,1.00327,0.23564,0.24311,0.23394,,0.32838,0.27053,,,,,,,0.15219,,,,
6,6.a,6.a.1,DC_TOF_WASHL,"Total official development assistance (gross disbursement) for water supply and sanitation, by recipient countries (millions of constant 2021 United States dollars)",659,Saint Kitts and Nevis,G,CON_USD_M,,0.13249,0.05044,,,,,,,0.01234,0.01997,0.01645,,,,,,,,,,
6,6.a,6.a.1,DC_TOF_WASHL,"Total official development assistance (gross disbursement) for water supply and sanitation, by recipient countries (millions of constant 2021 United States dollars)",662,Saint Lucia,G,CON_USD_M,0.4522,8.70499,8.21235,1.93445,0.59437,0.67118,3.99534,1.24403,1.54428,0.02396,0.06539,0.11736,0.03479,0.02607,0.29248,0.30756,0.62753,0.56806,2.07323,0.2236,0.3744,0.41456
6,6.a,6.a.1,DC_TOF_WASHL,"Total official development assistance (gross disbursement) for water supply and sanitation, by recipient countries (millions of constant 2021 United States dollars)",670,Saint Vincent and the Grenadines,G,CON_USD_M,,,1.79149,3.31344,1.70325,1.3693,1.24995,0.60668,0.40296,,0.01832,,0.04127,0.01734,0.01044,0.01566,0.03484,0.02904,,0.08228,1.91588,6.30746
6,6.a,6.a.1,DC_TOF_WASHL,"Total official development assistance (gross disbursement) for water supply and sanitation, by recipient countries (millions of constant 2021 United States dollars)",882,Samoa,G,CON_USD_M,0.27188,,5.70858,2.95707,1.4395,1.81202,3.88966,2.39162,9.45403,9.30035,16.24599,21.06707,8.41602,3.15621,15.374,21.14291,19.8692,16.07494,20.48823,8.45138,0.86,0.74535
6,6.a,6.a.1,DC_TOF_WASHL,"Total official development assistance (gross disbursement) for water supply and sanitation, by recipient countries (millions of constant 2021 United States dollars)",678,Sao Tome and Principe,G,CON_USD_M,5.40586,2.02493,2.52974,3.34236,2.89914,1.9528,0.92099,0.79497,0.85246,1.00501,3.20355,1.2562,0.50311,0.87376,0.93,6.91582,9.2719,9.05953,8.99454,6.82201,6.89342,3.6872
6,6.a,6.a.1,DC_TOF_WASHL,"Total official development assistance (gross disbursement) for water supply and sanitation, by recipient countries (millions of constant 2021 United States dollars)",682,Saudi Arabia,G,CON_USD_M,0.04048,0.01401,0.01856,0.02415,0.04951,0.03908,0.10415,0.60466,,,,,,,,,,,,,,
6,6.a,6.a.1,DC_TOF_WASHL,"Total official development assistance (gross disbursement) for water supply and sanitation, by recipient countries (millions of constant 2021 United States dollars)",686,Senegal,G,CON_USD_M,27.79112,278.89009,48.51097,52.54647,91.4564,68.73671,49.53878,87.63884,85.22467,74.62584,69.89335,117.46368,92.24134,113.82988,161.77467,126.92009,77.80873,67.35026,237.51826,177.37794,135.90936,83.23501
6,6.a,6.a.1,DC_TOF_WASHL,"Total official development assistance (gross disbursement) for water supply and sanitation, by recipient countries (millions of constant 2021 United States dollars)",688,Serbia,G,CON_USD_M,65.71022,49.05553,21.39844,23.2872,26.07839,26.76955,37.0059,43.98857,32.57862,35.57299,34.03062,27.58209,31.50707,30.95845,28.15277,33.28973,38.59229,48.00795,41.12346,51.69626,38.75258,44.96589
6,6.a,6.a.1,DC_TOF_WASHL,"Total official development assistance (gross disbursement) for water supply and sanitation, by recipient countries (millions of constant 2021 United States dollars)",690,Seychelles,G,CON_USD_M,,,,0.05587,0.27382,,,0.04392,0.1954,0.62331,0.66354,1.94764,0.7319,10.11067,2.61266,0.07524,5.4374,0.20827,,,,
6,6.a,6.a.1,DC_TOF_WASHL,"Total official development assistance (gross disbursement) for water supply and sanitation, by recipient countries (millions of constant 2021 United States dollars)",694,Sierra Leone,G,CON_USD_M,3.95491,3.26516,6.85937,2.45174,31.41972,8.89868,5.86583,36.58106,17.89488,24.64244,12.80634,17.17607,31.97632,46.77353,43.68249,22.98742,36.13159,45.64758,55.35605,30.92715,35.07794,19.95614
6,6.a,6.a.1,DC_TOF_WASHL,"Total official development assistance (gross disbursement) for water supply and sanitation, by recipient countries (millions of constant 2021 United States dollars)",705,Slovenia,G,CON_USD_M,18.81776,15.42954,0.00158,,,,,,,,,,,,,,,,,,,
6,6.a,6.a.1,DC_TOF_WASHL,"Total official development assistance (gross disbursement) for water supply and sanitation, by recipient countries (millions of constant 2021 United States dollars)",722,Small island developing States (SIDS),G,CON_USD_M,182.02842,153.28922,110.10868,94.63651,120.27228,99.32968,116.31169,84.09371,123.84224,232.72304,200.78665,213.76387,184.33403,200.52161,216.90725,259.18192,321.82123,310.49432,340.8279,221.75963,187.29068,244.84822
6,6.a,6.a.1,DC_TOF_WASHL,"Total official development assistance (gross disbursement) for water supply and sanitation, by recipient countries (millions of constant 2021 United States dollars)",90,Solomon Islands,G,CON_USD_M,2.36784,0.24261,0.23451,0.13861,0.12105,0.85823,0.84358,0.12268,0.33096,0.47743,6.35107,4.98461,8.09165,18.78594,8.56178,8.53059,6.00587,11.69622,10.69054,17.81784,22.4128,10.8824
6,6.a,6.a.1,DC_TOF_WASHL,"Total official development assistance (gross disbursement) for water supply and sanitation, by recipient countries (millions of constant 2021 United States dollars)",706,Somalia,G,CON_USD_M,3.21157,3.9462,1.72997,1.80833,1.39642,1.7085,6.24596,3.35276,5.42348,5.97644,3.7047,6.9472,12.06877,9.23948,9.08781,29.17495,37.28723,22.76669,16.46729,18.17095,24.12367,31.86467
6,6.a,6.a.1,DC_TOF_WASHL,"Total official development assistance (gross disbursement) for water supply and sanitation, by recipient countries (millions of constant 2021 United States dollars)",710,South Africa,G,CON_USD_M,11.59672,11.52969,12.15354,9.61265,14.14733,40.18063,92.28321,12.45082,51.68681,61.46183,50.58493,136.06923,4.12158,3.44734,3.26757,3.34554,32.71164,1.97052,1.89127,103.74882,4.17054,8.58397
6,6.a,6.a.1,DC_TOF_WASHL,"Total official development assistance (gross disbursement) for water supply and sanitation, by recipient countries (millions of constant 2021 United States dollars)",5,South America,G,CON_USD_M,545.30309,82.32903,86.68787,108.05713,111.07406,154.68191,181.42562,345.38563,415.472,405.73482,365.17162,665.92852,567.57785,357.22972,357.81077,325.48637,446.85645,485.20444,406.63239,377.8566,312.04426,307.61732
6,6.a,6.a.1,DC_TOF_WASHL,"Total official development assistance (gross disbursement) for water supply and sanitation, by recipient countries (millions of constant 2021 United States dollars)",728,South Sudan,G,CON_USD_M,,,,,,,,,,,,11.91729,20.07906,33.76177,23.44749,43.55738,54.70776,53.05183,58.73972,37.76678,27.61876,38.17426
6,6.a,6.a.1,DC_TOF_WASHL,"Total official development assistance (gross disbursement) for water supply and sanitation, by recipient countries (millions of constant 2021 United States dollars)",35,South-Eastern Asia,G,CON_USD_M,1002.50949,1026.92549,221.94409,300.58166,324.62377,361.76169,634.75366,685.01854,764.38221,806.5401,914.72201,962.54155,926.089,1019.73788,993.86579,1146.63476,1031.04538,1004.13,1163.52992,1111.54179,1039.05694,1096.57332
6,6.a,6.a.1,DC_TOF_WASHL,"Total official development assistance (gross disbursement) for water supply and sanitation, by recipient countries (millions of constant 2021 United States dollars)",18,Southern Africa,G,CON_USD_M,19.56718,59.09733,21.88877,28.35915,37.68789,54.97291,106.06972,32.47546,91.7947,101.98524,112.65504,253.99337,107.46758,133.5664,55.01651,41.75202,75.6881,26.365,22.69686,118.46263,26.95411,49.74384
6,6.a,6.a.1,DC_TOF_WASHL,"Total official development assistance (gross disbursement) for water supply and sanitation, by recipient countries (millions of constant 2021 United States dollars)",34,Southern Asia,G,CON_USD_M,487.48435,958.9988,493.41016,431.63064,474.04237,755.02295,733.59132,642.12974,781.43699,716.51765,1111.2605,1243.70509,1239.52794,1266.71582,1363.70875,1391.19025,1470.95782,1739.78157,1689.57111,1438.75488,1245.90367,1338.53107
6,6.a,6.a.1,DC_TOF_WASHL,"Total official development assistance (gross disbursement) for water supply and sanitation, by recipient countries (millions of constant 2021 United States dollars)",127,Southern Asia (excluding India),G,CON_USD_M,291.91483,567.17273,251.15956,242.65454,236.61563,336.9805,376.66557,340.5438,413.70962,411.30995,646.16166,750.48924,777.77683,795.01699,864.4765,907.61756,890.88702,1048.31313,1065.82235,1046.02875,936.19462,918.30323
6,6.a,6.a.1,DC_TOF_WASHL,"Total official development assistance (gross disbursement) for water supply and sanitation, by recipient countries (millions of constant 2021 United States dollars)",39,Southern Europe,G,CON_USD_M,283.07012,159.40462,76.38064,92.27716,116.67867,112.43632,135.56798,146.72113,159.85651,149.80928,170.00169,171.32554,210.64693,174.00781,251.32234,259.28479,237.05239,211.19193,145.83644,177.18247,158.20596,170.50161
6,6.a,6.a.1,DC_TOF_WASHL,"Total official development assistance (gross disbursement) for water supply and sanitation, by recipient countries (millions of constant 2021 United States dollars)",144,Sri Lanka,G,CON_USD_M,35.93609,52.05901,20.40628,37.30408,48.6915,89.90994,103.53331,80.00794,130.66259,91.55919,168.58527,168.31173,159.47783,130.76307,164.26948,163.13453,137.31514,167.78542,194.59108,154.94249,136.16619,133.02923
6,6.a,6.a.1,DC_TOF_WASHL,"Total official development assistance (gross disbursement) for water supply and sanitation, by recipient countries (millions of constant 2021 United States dollars)",275,State of Palestine,G,CON_USD_M,142.44377,368.07484,84.76438,90.08194,62.73113,54.94654,73.44327,53.57308,58.69296,54.99059,138.76251,117.28072,110.77832,86.04162,119.76715,130.8027,118.19294,114.73549,153.86549,125.52046,79.89712,84.39793
6,6.a,6.a.1,DC_TOF_WASHL,"Total official development assistance (gross disbursement) for water supply and sanitation, by recipient countries (millions of constant 2021 United States dollars)",202,Sub-Saharan Africa,G,CON_USD_M,1054.76951,1339.20258,722.55286,869.92647,1022.20518,1288.19699,1358.90062,1670.89435,1873.44608,1976.94237,2134.84948,2327.79208,2528.6656,2751.97081,2729.64531,2657.64781,3071.05174,2797.8809,3169.04834,3268.24496,2541.36341,2484.94576
6,6.a,6.a.1,DC_TOF_WASHL,"Total official development assistance (gross disbursement) for water supply and sanitation, by recipient countries (millions of constant 2021 United States dollars)",729,Sudan,G,CON_USD_M,3.94631,17.62326,6.23041,2.44634,2.23655,13.53165,22.24473,22.73226,35.87718,82.82677,108.78217,126.60209,128.84735,106.62188,126.19176,237.60202,57.64903,46.81828,40.93257,67.35695,35.12431,41.24042
6,6.a,6.a.1,DC_TOF_WASHL,"Total official development assistance (gross disbursement) for water supply and sanitation, by recipient countries (millions of constant 2021 United States dollars)",740,Suriname,G,CON_USD_M,0.27834,0.00504,3.36401,1.56956,4.27882,8.30192,7.66494,4.81737,4.13885,6.86578,7.28447,10.76756,,0.48355,0.0191,0.4662,0.8491,1.85252,0.40453,1.15267,0.47293,0.56856
6,6.a,6.a.1,DC_TOF_WASHL,"Total official development assistance (gross disbursement) for water supply and sanitation, by recipient countries (millions of constant 2021 United States dollars)",760,Syrian Arab Republic,G,CON_USD_M,14.67083,14.9545,2.02328,15.06806,10.78918,5.69545,16.79287,18.19698,6.36483,8.25841,11.89444,14.90929,1.64835,1.34791,4.22155,4.52342,2.85115,9.33307,26.89394,28.37334,38.35957,28.72736
6,6.a,6.a.1,DC_TOF_WASHL,"Total official development assistance (gross disbursement) for water supply and sanitation, by recipient countries (millions of constant 2021 United States dollars)",762,Tajikistan,G,CON_USD_M,17.216,7.27466,3.52254,5.95413,19.93603,25.35326,11.79596,7.4631,15.18999,15.27486,23.74684,24.40873,35.95945,34.15034,37.90403,45.20716,63.2345,27.11936,77.04854,67.68758,99.35281,102.50802
6,6.a,6.a.1,DC_TOF_WASHL,"Total official development assistance (gross disbursement) for water supply and sanitation, by recipient countries (millions of constant 2021 United States dollars)",764,Thailand,G,CON_USD_M,80.46433,27.99459,6.92879,24.42927,15.73592,16.34046,5.51006,3.70569,3.12122,1.99975,7.29555,10.56597,11.36715,14.59851,25.76276,8.34041,6.22426,2.7769,1.64318,3.20429,1.55698,1.88597
6,6.a,6.a.1,DC_TOF_WASHL,"Total official development assistance (gross disbursement) for water supply and sanitation, by recipient countries (millions of constant 2021 United States dollars)",626,Timor-Leste,G,CON_USD_M,4.31445,29.9792,5.22346,4.89185,6.94549,13.04441,11.87237,10.01638,13.83847,17.97325,19.03826,24.24292,15.99548,11.23246,12.75517,17.85297,16.52321,6.43683,2.77549,3.43215,4.14882,3.34437
6,6.a,6.a.1,DC_TOF_WASHL,"Total official development assistance (gross disbursement) for water supply and sanitation, by recipient countries (millions of constant 2021 United States dollars)",768,Togo,G,CON_USD_M,0.4474,2.987,2.43542,7.19078,7.18961,1.25511,1.31947,1.45208,2.83733,5.3055,4.54628,7.91309,8.69442,9.36699,12.0724,11.06912,19.68847,19.38058,20.52806,15.98041,10.54352,29.5747
6,6.a,6.a.1,DC_TOF_WASHL,"Total official development assistance (gross disbursement) for water supply and sanitation, by recipient countries (millions of constant 2021 United States dollars)",772,Tokelau,G,CON_USD_M,,,,0.03491,0.10813,0.02946,,,,,,,,,,,,,,,,
6,6.a,6.a.1,DC_TOF_WASHL,"Total official development assistance (gross disbursement) for water supply and sanitation, by recipient countries (millions of constant 2021 United States dollars)",776,Tonga,G,CON_USD_M,10.63082,,0.76391,0.64941,2.66599,4.3524,1.57568,2.42909,1.86974,1.26357,1.06281,2.33949,0.76213,2.90841,1.62424,1.81919,1.49727,2.65685,1.19697,1.18013,0.56751,1.19845
6,6.a,6.a.1,DC_TOF_WASHL,"Total official development assistance (gross disbursement) for water supply and sanitation, by recipient countries (millions of constant 2021 United States dollars)",780,Trinidad and Tobago,G,CON_USD_M,,,,,0.1282,0.31369,,,0.15635,0.43913,0.01472,,,,,,,,,,,
6,6.a,6.a.1,DC_TOF_WASHL,"Total official development assistance (gross disbursement) for water supply and sanitation, by recipient countries (millions of constant 2021 United States dollars)",788,Tunisia,G,CON_USD_M,88.86048,77.17187,32.66382,35.99333,42.24093,92.34637,119.05088,96.18662,111.25441,104.57681,134.75303,156.52978,100.37733,51.71621,104.54713,125.95451,168.2638,165.82872,246.12136,120.04965,310.55907,190.40582
6,6.a,6.a.1,DC_TOF_WASHL,"Total official development assistance (gross disbursement) for water supply and sanitation, by recipient countries (millions of constant 2021 United States dollars)",792,TÃ¼rkiye,G,CON_USD_M,63.45871,149.20608,60.69368,88.9839,55.14793,19.15007,9.63478,7.18459,169.79225,132.62944,105.35065,112.68005,49.71549,88.96896,177.61762,162.20576,78.36041,55.10569,49.4234,53.30882,69.72344,63.22543
6,6.a,6.a.1,DC_TOF_WASHL,"Total official development assistance (gross disbursement) for water supply and sanitation, by recipient countries (millions of constant 2021 United States dollars)",795,Turkmenistan,G,CON_USD_M,0.02383,0.01917,0.52704,0.01438,0.01283,,0.04958,0.06952,,0.03513,0.02135,0.25732,,,,,,,,0.00794,0.00296,0.01016
6,6.a,6.a.1,DC_TOF_WASHL,"Total official development assistance (gross disbursement) for water supply and sanitation, by recipient countries (millions of constant 2021 United States dollars)",796,Turks and Caicos Islands,G,CON_USD_M,0.04323,,,0.06569,,,,,,,,,,,,,,,,,,
6,6.a,6.a.1,DC_TOF_WASHL,"Total official development assistance (gross disbursement) for water supply and sanitation, by recipient countries (millions of constant 2021 United States dollars)",798,Tuvalu,G,CON_USD_M,,,0.59176,0.01953,,,,0.00274,,0.37593,0.04346,2.61921,1.31349,2.88948,0.20704,2.98111,1.37545,1.06009,0.07942,0.02712,3.51198,3.31484
6,6.a,6.a.1,DC_TOF_WASHL,"Total official development assistance (gross disbursement) for water supply and sanitation, by recipient countries (millions of constant 2021 United States dollars)",800,Uganda,G,CON_USD_M,50.39956,76.47736,34.18715,75.38075,71.18837,102.17672,94.24035,174.74485,105.24924,199.73059,164.27484,88.51138,104.61141,96.1895,96.34974,133.85668,142.31794,154.42368,164.3209,138.88708,177.00699,145.8596
6,6.a,6.a.1,DC_TOF_WASHL,"Total official development assistance (gross disbursement) for water supply and sanitation, by recipient countries (millions of constant 2021 United States dollars)",804,Ukraine,G,CON_USD_M,,,,,,5.24604,5.44391,3.73703,1.48961,1.32707,5.66433,9.22443,0.54203,0.45727,7.49687,9.69278,7.58452,36.3243,11.64387,33.86211,38.00531,25.4495
6,6.a,6.a.1,DC_TOF_WASHL,"Total official development assistance (gross disbursement) for water supply and sanitation, by recipient countries (millions of constant 2021 United States dollars)",834,United Republic of Tanzania,G,CON_USD_M,59.50765,27.72298,42.40579,80.11929,43.39319,63.92247,102.83334,160.79617,166.50708,232.85644,231.51705,181.0604,234.10522,201.6185,175.18258,147.52709,119.09034,67.34714,177.15972,250.76732,145.30978,198.64061
6,6.a,6.a.1,DC_TOF_WASHL,"Total official development assistance (gross disbursement) for water supply and sanitation, by recipient countries (millions of constant 2021 United States dollars)",858,Uruguay,G,CON_USD_M,,,0.03025,0.72384,1.20226,1.45728,0.65866,0.64618,0.4602,2.0394,0.74804,0.69265,0.3188,0.69693,0.15242,0.54052,0.36242,0.76666,,,,
6,6.a,6.a.1,DC_TOF_WASHL,"Total official development assistance (gross disbursement) for water supply and sanitation, by recipient countries (millions of constant 2021 United States dollars)",860,Uzbekistan,G,CON_USD_M,2.60794,0.7214,8.03074,11.66453,11.1855,10.4033,10.7929,11.24708,14.17096,9.78643,33.66982,39.0897,55.43174,71.76348,111.31118,117.33201,123.37282,71.74015,104.81024,162.37032,133.7437,126.75704
6,6.a,6.a.1,DC_TOF_WASHL,"Total official development assistance (gross disbursement) for water supply and sanitation, by recipient countries (millions of constant 2021 United States dollars)",548,Vanuatu,G,CON_USD_M,,,,0.59987,0.23131,0.40114,0.29342,3.30346,7.98723,1.19288,0.86435,1.34992,0.23742,2.02678,5.13431,3.3578,2.86671,2.42328,1.58002,5.01323,7.06851,9.79449
6,6.a,6.a.1,DC_TOF_WASHL,"Total official development assistance (gross disbursement) for water supply and sanitation, by recipient countries (millions of constant 2021 United States dollars)",862,Venezuela (Bolivarian Republic of),G,CON_USD_M,3.46372,0.18399,0.82323,0.80563,0.35285,3.1302,5.44889,5.99443,3.58248,0.20375,0.27753,0.73063,0.66175,0.29029,0.55284,0.22064,0.23539,0.17669,0.11014,0.18508,1.06088,0.84362
6,6.a,6.a.1,DC_TOF_WASHL,"Total official development assistance (gross disbursement) for water supply and sanitation, by recipient countries (millions of constant 2021 United States dollars)",704,Viet Nam,G,CON_USD_M,188.97544,518.85761,84.77985,118.2612,118.24906,153.47261,168.60118,272.54207,300.32939,338.962,402.50864,384.82543,418.31739,516.0556,552.01526,602.81824,629.44651,537.12267,587.9542,428.60714,438.89885,413.34339
6,6.a,6.a.1,DC_TOF_WASHL,"Total official development assistance (gross disbursement) for water supply and sanitation, by recipient countries (millions of constant 2021 United States dollars)",876,Wallis and Futuna Islands,G,CON_USD_M,,,,,,,,0.02112,,,,,,,,0.04074,2.63942,0.09197,0.11835,0.013,,
6,6.a,6.a.1,DC_TOF_WASHL,"Total official development assistance (gross disbursement) for water supply and sanitation, by recipient countries (millions of constant 2021 United States dollars)",11,Western Africa,G,CON_USD_M,495.9489,859.7001,297.04102,346.88097,498.46373,503.93151,523.79617,662.56686,822.09065,744.50532,817.95894,847.04533,870.87047,868.36607,1014.47149,1020.19832,1240.35357,1011.19923,1262.20735,1251.23264,996.16261,823.87652
6,6.a,6.a.1,DC_TOF_WASHL,"Total official development assistance (gross disbursement) for water supply and sanitation, by recipient countries (millions of constant 2021 United States dollars)",145,Western Asia,G,CON_USD_M,602.78929,815.95731,306.9027,408.01381,435.0306,1630.28189,1254.73708,977.11736,749.56814,719.22928,843.1697,731.78343,661.33057,701.21966,1052.36035,1194.92812,1235.4446,1406.00168,1159.4456,996.62669,930.74905,643.77044
6,6.a,6.a.1,DC_TOF_WASHL,"Total official development assistance (gross disbursement) for water supply and sanitation, by recipient countries (millions of constant 2021 United States dollars)",887,Yemen,G,CON_USD_M,110.58775,6.41196,38.38151,30.33621,31.147,80.04071,72.11695,73.14017,73.01546,64.47503,62.73658,25.72999,38.46502,64.94054,62.54554,18.9436,44.40119,39.89132,57.36312,78.07405,55.02879,54.25744
6,6.a,6.a.1,DC_TOF_WASHL,"Total official development assistance (gross disbursement) for water supply and sanitation, by recipient countries (millions of constant 2021 United States dollars)",894,Zambia,G,CON_USD_M,132.35655,36.44182,40.31684,48.46308,62.59905,61.90888,62.80718,56.64394,42.20949,61.10296,41.39151,61.34395,74.89972,105.6192,112.63781,119.53273,155.71188,155.67921,157.33394,91.17285,73.16782,91.20583
6,6.a,6.a.1,DC_TOF_WASHL,"Total official development assistance (gross disbursement) for water supply and sanitation, by recipient countries (millions of constant 2021 United States dollars)",716,Zimbabwe,G,CON_USD_M,3.93692,2.88945,2.15385,2.34002,1.02462,1.38319,2.21994,0.36424,13.22494,12.43522,17.94888,33.61521,62.95297,53.95825,49.34331,27.09603,16.49386,25.2696,30.87461,12.7329,19.31977,10.7243
