"Goal","Target","Indicator","SeriesCode","SeriesDescription","GeoAreaCode","GeoAreaName","Observation Status","Reporting Type","Units","2020","2022","","","","","","","","","","","","","","","","","","","","","","","","","","","","","","","","","","","","","","","",""
"6","6.3","6.3.1","EN_WWT_WWDS","Proportion of safely treated domestic wastewater flows (%)","8","Albania","A","G","PERCENT","13.35422","19.46666","","","","","","","","","","","","","","","","","","","","","","","","","","","","","","","","","","","","","","","",""
"6","6.3","6.3.1","EN_WWT_WWDS","Proportion of safely treated domestic wastewater flows (%)","12","Algeria","A","G","PERCENT","76.16699","76.18773","","","","","","","","","","","","","","","","","","","","","","","","","","","","","","","","","","","","","","","",""
"6","6.3","6.3.1","EN_WWT_WWDS","Proportion of safely treated domestic wastewater flows (%)","16","American Samoa","A","G","PERCENT","69.01258","77.49963","","","","","","","","","","","","","","","","","","","","","","","","","","","","","","","","","","","","","","","",""
"6","6.3","6.3.1","EN_WWT_WWDS","Proportion of safely treated domestic wastewater flows (%)","20","Andorra","A","G","PERCENT","100","100","","","","","","","","","","","","","","","","","","","","","","","","","","","","","","","","","","","","","","","",""
"6","6.3","6.3.1","EN_WWT_WWDS","Proportion of safely treated domestic wastewater flows (%)","32","Argentina","A","G","PERCENT","36.48388","36.48807","","","","","","","","","","","","","","","","","","","","","","","","","","","","","","","","","","","","","","","",""
"6","6.3","6.3.1","EN_WWT_WWDS","Proportion of safely treated domestic wastewater flows (%)","51","Armenia","A","G","PERCENT","40.08308","0.5625","","","","","","","","","","","","","","","","","","","","","","","","","","","","","","","","","","","","","","","",""
"6","6.3","6.3.1","EN_WWT_WWDS","Proportion of safely treated domestic wastewater flows (%)","142","Asia","A","G","PERCENT","","50.04151","","","","","","","","","","","","","","","","","","","","","","","","","","","","","","","","","","","","","","","",""
"6","6.3","6.3.1","EN_WWT_WWDS","Proportion of safely treated domestic wastewater flows (%)","36","Australia","A","G","PERCENT","76.1718","95.8196","","","","","","","","","","","","","","","","","","","","","","","","","","","","","","","","","","","","","","","",""
"6","6.3","6.3.1","EN_WWT_WWDS","Proportion of safely treated domestic wastewater flows (%)","53","Australia and New Zealand","A","G","PERCENT","78.83994","92.22244","","","","","","","","","","","","","","","","","","","","","","","","","","","","","","","","","","","","","","","",""
"6","6.3","6.3.1","EN_WWT_WWDS","Proportion of safely treated domestic wastewater flows (%)","40","Austria","A","G","PERCENT","98.59576","98.20522","","","","","","","","","","","","","","","","","","","","","","","","","","","","","","","","","","","","","","","",""
"6","6.3","6.3.1","EN_WWT_WWDS","Proportion of safely treated domestic wastewater flows (%)","31","Azerbaijan","A","G","PERCENT","57.39653","41.33969","","","","","","","","","","","","","","","","","","","","","","","","","","","","","","","","","","","","","","","",""
"6","6.3","6.3.1","EN_WWT_WWDS","Proportion of safely treated domestic wastewater flows (%)","48","Bahrain","A","G","PERCENT","95.62908","93.27165","","","","","","","","","","","","","","","","","","","","","","","","","","","","","","","","","","","","","","","",""
"6","6.3","6.3.1","EN_WWT_WWDS","Proportion of safely treated domestic wastewater flows (%)","50","Bangladesh","A","G","PERCENT","16.01109","17.52053","","","","","","","","","","","","","","","","","","","","","","","","","","","","","","","","","","","","","","","",""
"6","6.3","6.3.1","EN_WWT_WWDS","Proportion of safely treated domestic wastewater flows (%)","112","Belarus","A","G","PERCENT","56.47111","80.31443","","","","","","","","","","","","","","","","","","","","","","","","","","","","","","","","","","","","","","","",""
"6","6.3","6.3.1","EN_WWT_WWDS","Proportion of safely treated domestic wastewater flows (%)","56","Belgium","A","G","PERCENT","91.7866","85.0678","","","","","","","","","","","","","","","","","","","","","","","","","","","","","","","","","","","","","","","",""
"6","6.3","6.3.1","EN_WWT_WWDS","Proportion of safely treated domestic wastewater flows (%)","204","Benin","A","G","PERCENT","","1.40932","","","","","","","","","","","","","","","","","","","","","","","","","","","","","","","","","","","","","","","",""
"6","6.3","6.3.1","EN_WWT_WWDS","Proportion of safely treated domestic wastewater flows (%)","60","Bermuda","A","G","PERCENT","1.5018","1.50175","","","","","","","","","","","","","","","","","","","","","","","","","","","","","","","","","","","","","","","",""
"6","6.3","6.3.1","EN_WWT_WWDS","Proportion of safely treated domestic wastewater flows (%)","64","Bhutan","A","G","PERCENT","40.99144","39.61263","","","","","","","","","","","","","","","","","","","","","","","","","","","","","","","","","","","","","","","",""
"6","6.3","6.3.1","EN_WWT_WWDS","Proportion of safely treated domestic wastewater flows (%)","68","Bolivia (Plurinational State of)","A","G","PERCENT","58.29204","","","","","","","","","","","","","","","","","","","","","","","","","","","","","","","","","","","","","","","","",""
"6","6.3","6.3.1","EN_WWT_WWDS","Proportion of safely treated domestic wastewater flows (%)","70","Bosnia and Herzegovina","A","G","PERCENT","46.79664","65.30532","","","","","","","","","","","","","","","","","","","","","","","","","","","","","","","","","","","","","","","",""
"6","6.3","6.3.1","EN_WWT_WWDS","Proportion of safely treated domestic wastewater flows (%)","76","Brazil","A","G","PERCENT","33.02745","43.40779","","","","","","","","","","","","","","","","","","","","","","","","","","","","","","","","","","","","","","","",""
"6","6.3","6.3.1","EN_WWT_WWDS","Proportion of safely treated domestic wastewater flows (%)","100","Bulgaria","A","G","PERCENT","79.19239","72.08777","","","","","","","","","","","","","","","","","","","","","","","","","","","","","","","","","","","","","","","",""
"6","6.3","6.3.1","EN_WWT_WWDS","Proportion of safely treated domestic wastewater flows (%)","854","Burkina Faso","A","G","PERCENT","","2.77623","","","","","","","","","","","","","","","","","","","","","","","","","","","","","","","","","","","","","","","",""
"6","6.3","6.3.1","EN_WWT_WWDS","Proportion of safely treated domestic wastewater flows (%)","116","Cambodia","A","G","PERCENT","","46.79143","","","","","","","","","","","","","","","","","","","","","","","","","","","","","","","","","","","","","","","",""
"6","6.3","6.3.1","EN_WWT_WWDS","Proportion of safely treated domestic wastewater flows (%)","124","Canada","A","G","PERCENT","77.06231","68.89016","","","","","","","","","","","","","","","","","","","","","","","","","","","","","","","","","","","","","","","",""
"6","6.3","6.3.1","EN_WWT_WWDS","Proportion of safely treated domestic wastewater flows (%)","29","Caribbean","A","G","PERCENT","","36.25454","","","","","","","","","","","","","","","","","","","","","","","","","","","","","","","","","","","","","","","",""
"6","6.3","6.3.1","EN_WWT_WWDS","Proportion of safely treated domestic wastewater flows (%)","140","Central African Republic","A","G","PERCENT","0.57208","","","","","","","","","","","","","","","","","","","","","","","","","","","","","","","","","","","","","","","","",""
"6","6.3","6.3.1","EN_WWT_WWDS","Proportion of safely treated domestic wastewater flows (%)","13","Central America","A","G","PERCENT","","61.28587","","","","","","","","","","","","","","","","","","","","","","","","","","","","","","","","","","","","","","","",""
"6","6.3","6.3.1","EN_WWT_WWDS","Proportion of safely treated domestic wastewater flows (%)","62","Central and Southern Asia","A","G","PERCENT","25.46304","23.99078","","","","","","","","","","","","","","","","","","","","","","","","","","","","","","","","","","","","","","","",""
"6","6.3","6.3.1","EN_WWT_WWDS","Proportion of safely treated domestic wastewater flows (%)","143","Central Asia","A","G","PERCENT","31.9239","","","","","","","","","","","","","","","","","","","","","","","","","","","","","","","","","","","","","","","","",""
"6","6.3","6.3.1","EN_WWT_WWDS","Proportion of safely treated domestic wastewater flows (%)","148","Chad","A","G","PERCENT","2.26226","2.31578","","","","","","","","","","","","","","","","","","","","","","","","","","","","","","","","","","","","","","","",""
"6","6.3","6.3.1","EN_WWT_WWDS","Proportion of safely treated domestic wastewater flows (%)","830","Channel Islands","A","G","PERCENT","91.32912","93.53456","","","","","","","","","","","","","","","","","","","","","","","","","","","","","","","","","","","","","","","",""
"6","6.3","6.3.1","EN_WWT_WWDS","Proportion of safely treated domestic wastewater flows (%)","152","Chile","A","G","PERCENT","90.53275","89.10072","","","","","","","","","","","","","","","","","","","","","","","","","","","","","","","","","","","","","","","",""
"6","6.3","6.3.1","EN_WWT_WWDS","Proportion of safely treated domestic wastewater flows (%)","156","China","A","G","PERCENT","64.77986","61.67235","","","","","","","","","","","","","","","","","","","","","","","","","","","","","","","","","","","","","","","",""
"6","6.3","6.3.1","EN_WWT_WWDS","Proportion of safely treated domestic wastewater flows (%)","344","China, Hong Kong Special Administrative Region","A","G","PERCENT","85.66069","91.12024","","","","","","","","","","","","","","","","","","","","","","","","","","","","","","","","","","","","","","","",""
"6","6.3","6.3.1","EN_WWT_WWDS","Proportion of safely treated domestic wastewater flows (%)","446","China, Macao Special Administrative Region","A","G","PERCENT","69.5","65.30954","","","","","","","","","","","","","","","","","","","","","","","","","","","","","","","","","","","","","","","",""
"6","6.3","6.3.1","EN_WWT_WWDS","Proportion of safely treated domestic wastewater flows (%)","170","Colombia","A","G","PERCENT","21.26281","18.77197","","","","","","","","","","","","","","","","","","","","","","","","","","","","","","","","","","","","","","","",""
"6","6.3","6.3.1","EN_WWT_WWDS","Proportion of safely treated domestic wastewater flows (%)","188","Costa Rica","A","G","PERCENT","23.27405","25.43294","","","","","","","","","","","","","","","","","","","","","","","","","","","","","","","","","","","","","","","",""
"6","6.3","6.3.1","EN_WWT_WWDS","Proportion of safely treated domestic wastewater flows (%)","384","Côte d'Ivoire","A","G","PERCENT","","16.80626","","","","","","","","","","","","","","","","","","","","","","","","","","","","","","","","","","","","","","","",""
"6","6.3","6.3.1","EN_WWT_WWDS","Proportion of safely treated domestic wastewater flows (%)","191","Croatia","A","G","PERCENT","60.32014","33.97195","","","","","","","","","","","","","","","","","","","","","","","","","","","","","","","","","","","","","","","",""
"6","6.3","6.3.1","EN_WWT_WWDS","Proportion of safely treated domestic wastewater flows (%)","192","Cuba","A","G","PERCENT","24.18225","34.03637","","","","","","","","","","","","","","","","","","","","","","","","","","","","","","","","","","","","","","","",""
"6","6.3","6.3.1","EN_WWT_WWDS","Proportion of safely treated domestic wastewater flows (%)","196","Cyprus","A","G","PERCENT","67.18718","72.63456","","","","","","","","","","","","","","","","","","","","","","","","","","","","","","","","","","","","","","","",""
"6","6.3","6.3.1","EN_WWT_WWDS","Proportion of safely treated domestic wastewater flows (%)","203","Czechia","A","G","PERCENT","90.12544","91.28708","","","","","","","","","","","","","","","","","","","","","","","","","","","","","","","","","","","","","","","",""
"6","6.3","6.3.1","EN_WWT_WWDS","Proportion of safely treated domestic wastewater flows (%)","180","Democratic Republic of the Congo","A","G","PERCENT","12.26042","15.53207","","","","","","","","","","","","","","","","","","","","","","","","","","","","","","","","","","","","","","","",""
"6","6.3","6.3.1","EN_WWT_WWDS","Proportion of safely treated domestic wastewater flows (%)","208","Denmark","A","G","PERCENT","95.94201","98.79153","","","","","","","","","","","","","","","","","","","","","","","","","","","","","","","","","","","","","","","",""
"6","6.3","6.3.1","EN_WWT_WWDS","Proportion of safely treated domestic wastewater flows (%)","262","Djibouti","A","G","PERCENT","10.93394","11.1374","","","","","","","","","","","","","","","","","","","","","","","","","","","","","","","","","","","","","","","",""
"6","6.3","6.3.1","EN_WWT_WWDS","Proportion of safely treated domestic wastewater flows (%)","214","Dominican Republic","A","G","PERCENT","","39.55861","","","","","","","","","","","","","","","","","","","","","","","","","","","","","","","","","","","","","","","",""
"6","6.3","6.3.1","EN_WWT_WWDS","Proportion of safely treated domestic wastewater flows (%)","14","Eastern Africa","A","G","PERCENT","","9.50767","","","","","","","","","","","","","","","","","","","","","","","","","","","","","","","","","","","","","","","",""
"6","6.3","6.3.1","EN_WWT_WWDS","Proportion of safely treated domestic wastewater flows (%)","753","Eastern and South-Eastern Asia","A","G","PERCENT","65.47466","62.63486","","","","","","","","","","","","","","","","","","","","","","","","","","","","","","","","","","","","","","","",""
"6","6.3","6.3.1","EN_WWT_WWDS","Proportion of safely treated domestic wastewater flows (%)","30","Eastern Asia","A","G","PERCENT","70.19569","67.84066","","","","","","","","","","","","","","","","","","","","","","","","","","","","","","","","","","","","","","","",""
"6","6.3","6.3.1","EN_WWT_WWDS","Proportion of safely treated domestic wastewater flows (%)","151","Eastern Europe","A","G","PERCENT","","40.29224","","","","","","","","","","","","","","","","","","","","","","","","","","","","","","","","","","","","","","","",""
"6","6.3","6.3.1","EN_WWT_WWDS","Proportion of safely treated domestic wastewater flows (%)","218","Ecuador","A","G","PERCENT","31.11171","","","","","","","","","","","","","","","","","","","","","","","","","","","","","","","","","","","","","","","","",""
"6","6.3","6.3.1","EN_WWT_WWDS","Proportion of safely treated domestic wastewater flows (%)","818","Egypt","A","G","PERCENT","45.54527","73.84404","","","","","","","","","","","","","","","","","","","","","","","","","","","","","","","","","","","","","","","",""
"6","6.3","6.3.1","EN_WWT_WWDS","Proportion of safely treated domestic wastewater flows (%)","222","El Salvador","A","G","PERCENT","12.94984","","","","","","","","","","","","","","","","","","","","","","","","","","","","","","","","","","","","","","","","",""
"6","6.3","6.3.1","EN_WWT_WWDS","Proportion of safely treated domestic wastewater flows (%)","233","Estonia","A","G","PERCENT","91.06382","92.2791","","","","","","","","","","","","","","","","","","","","","","","","","","","","","","","","","","","","","","","",""
"6","6.3","6.3.1","EN_WWT_WWDS","Proportion of safely treated domestic wastewater flows (%)","748","Eswatini","A","G","PERCENT","17.90526","17.46899","","","","","","","","","","","","","","","","","","","","","","","","","","","","","","","","","","","","","","","",""
"6","6.3","6.3.1","EN_WWT_WWDS","Proportion of safely treated domestic wastewater flows (%)","231","Ethiopia","A","G","PERCENT","","3.03551","","","","","","","","","","","","","","","","","","","","","","","","","","","","","","","","","","","","","","","",""
"6","6.3","6.3.1","EN_WWT_WWDS","Proportion of safely treated domestic wastewater flows (%)","150","Europe","A","G","PERCENT","76.48213","74.2899","","","","","","","","","","","","","","","","","","","","","","","","","","","","","","","","","","","","","","","",""
"6","6.3","6.3.1","EN_WWT_WWDS","Proportion of safely treated domestic wastewater flows (%)","513","Europe and Northern America","A","G","PERCENT","80.44318","86.47508","","","","","","","","","","","","","","","","","","","","","","","","","","","","","","","","","","","","","","","",""
"6","6.3","6.3.1","EN_WWT_WWDS","Proportion of safely treated domestic wastewater flows (%)","234","Faroe Islands","A","G","PERCENT","0","","","","","","","","","","","","","","","","","","","","","","","","","","","","","","","","","","","","","","","","",""
"6","6.3","6.3.1","EN_WWT_WWDS","Proportion of safely treated domestic wastewater flows (%)","242","Fiji","A","G","PERCENT","","39.79052","","","","","","","","","","","","","","","","","","","","","","","","","","","","","","","","","","","","","","","",""
"6","6.3","6.3.1","EN_WWT_WWDS","Proportion of safely treated domestic wastewater flows (%)","246","Finland","A","G","PERCENT","92.28329","89.73807","","","","","","","","","","","","","","","","","","","","","","","","","","","","","","","","","","","","","","","",""
"6","6.3","6.3.1","EN_WWT_WWDS","Proportion of safely treated domestic wastewater flows (%)","250","France","A","G","PERCENT","92.50121","87.94422","","","","","","","","","","","","","","","","","","","","","","","","","","","","","","","","","","","","","","","",""
"6","6.3","6.3.1","EN_WWT_WWDS","Proportion of safely treated domestic wastewater flows (%)","254","French Guiana","A","G","PERCENT","70.19862","71.78043","","","","","","","","","","","","","","","","","","","","","","","","","","","","","","","","","","","","","","","",""
"6","6.3","6.3.1","EN_WWT_WWDS","Proportion of safely treated domestic wastewater flows (%)","270","Gambia","A","G","PERCENT","11.14898","10.547","","","","","","","","","","","","","","","","","","","","","","","","","","","","","","","","","","","","","","","",""
"6","6.3","6.3.1","EN_WWT_WWDS","Proportion of safely treated domestic wastewater flows (%)","268","Georgia","A","G","PERCENT","45.9906","48.76445","","","","","","","","","","","","","","","","","","","","","","","","","","","","","","","","","","","","","","","",""
"6","6.3","6.3.1","EN_WWT_WWDS","Proportion of safely treated domestic wastewater flows (%)","276","Germany","A","G","PERCENT","99.26206","98.96163","","","","","","","","","","","","","","","","","","","","","","","","","","","","","","","","","","","","","","","",""
"6","6.3","6.3.1","EN_WWT_WWDS","Proportion of safely treated domestic wastewater flows (%)","288","Ghana","A","G","PERCENT","12.12577","11.81822","","","","","","","","","","","","","","","","","","","","","","","","","","","","","","","","","","","","","","","",""
"6","6.3","6.3.1","EN_WWT_WWDS","Proportion of safely treated domestic wastewater flows (%)","292","Gibraltar","A","G","PERCENT","100","","","","","","","","","","","","","","","","","","","","","","","","","","","","","","","","","","","","","","","","",""
"6","6.3","6.3.1","EN_WWT_WWDS","Proportion of safely treated domestic wastewater flows (%)","300","Greece","A","G","PERCENT","92.65101","89.68182","","","","","","","","","","","","","","","","","","","","","","","","","","","","","","","","","","","","","","","",""
"6","6.3","6.3.1","EN_WWT_WWDS","Proportion of safely treated domestic wastewater flows (%)","304","Greenland","A","G","PERCENT","97.2264","0","","","","","","","","","","","","","","","","","","","","","","","","","","","","","","","","","","","","","","","",""
"6","6.3","6.3.1","EN_WWT_WWDS","Proportion of safely treated domestic wastewater flows (%)","624","Guinea-Bissau","A","G","PERCENT","21.40018","19.11757","","","","","","","","","","","","","","","","","","","","","","","","","","","","","","","","","","","","","","","",""
"6","6.3","6.3.1","EN_WWT_WWDS","Proportion of safely treated domestic wastewater flows (%)","328","Guyana","A","G","PERCENT","","32.47575","","","","","","","","","","","","","","","","","","","","","","","","","","","","","","","","","","","","","","","",""
"6","6.3","6.3.1","EN_WWT_WWDS","Proportion of safely treated domestic wastewater flows (%)","348","Hungary","A","G","PERCENT","89.56422","82.0525","","","","","","","","","","","","","","","","","","","","","","","","","","","","","","","","","","","","","","","",""
"6","6.3","6.3.1","EN_WWT_WWDS","Proportion of safely treated domestic wastewater flows (%)","352","Iceland","A","G","PERCENT","73.46891","3.04609","","","","","","","","","","","","","","","","","","","","","","","","","","","","","","","","","","","","","","","",""
"6","6.3","6.3.1","EN_WWT_WWDS","Proportion of safely treated domestic wastewater flows (%)","356","India","A","G","PERCENT","26.55772","20.71493","","","","","","","","","","","","","","","","","","","","","","","","","","","","","","","","","","","","","","","",""
"6","6.3","6.3.1","EN_WWT_WWDS","Proportion of safely treated domestic wastewater flows (%)","364","Iran (Islamic Republic of)","A","G","PERCENT","22.07181","25.22956","","","","","","","","","","","","","","","","","","","","","","","","","","","","","","","","","","","","","","","",""
"6","6.3","6.3.1","EN_WWT_WWDS","Proportion of safely treated domestic wastewater flows (%)","368","Iraq","A","G","PERCENT","37.08783","41.95676","","","","","","","","","","","","","","","","","","","","","","","","","","","","","","","","","","","","","","","",""
"6","6.3","6.3.1","EN_WWT_WWDS","Proportion of safely treated domestic wastewater flows (%)","372","Ireland","A","G","PERCENT","83.41705","51.86489","","","","","","","","","","","","","","","","","","","","","","","","","","","","","","","","","","","","","","","",""
"6","6.3","6.3.1","EN_WWT_WWDS","Proportion of safely treated domestic wastewater flows (%)","833","Isle of Man","A","G","PERCENT","","84.90541","","","","","","","","","","","","","","","","","","","","","","","","","","","","","","","","","","","","","","","",""
"6","6.3","6.3.1","EN_WWT_WWDS","Proportion of safely treated domestic wastewater flows (%)","376","Israel","A","G","PERCENT","93.09497","97.34566","","","","","","","","","","","","","","","","","","","","","","","","","","","","","","","","","","","","","","","",""
"6","6.3","6.3.1","EN_WWT_WWDS","Proportion of safely treated domestic wastewater flows (%)","380","Italy","A","G","PERCENT","94.74056","70.22107","","","","","","","","","","","","","","","","","","","","","","","","","","","","","","","","","","","","","","","",""
"6","6.3","6.3.1","EN_WWT_WWDS","Proportion of safely treated domestic wastewater flows (%)","392","Japan","A","G","PERCENT","97.81722","91.66891","","","","","","","","","","","","","","","","","","","","","","","","","","","","","","","","","","","","","","","",""
"6","6.3","6.3.1","EN_WWT_WWDS","Proportion of safely treated domestic wastewater flows (%)","400","Jordan","A","G","PERCENT","81.99641","76.8336","","","","","","","","","","","","","","","","","","","","","","","","","","","","","","","","","","","","","","","",""
"6","6.3","6.3.1","EN_WWT_WWDS","Proportion of safely treated domestic wastewater flows (%)","398","Kazakhstan","A","G","PERCENT","35.66982","36.33564","","","","","","","","","","","","","","","","","","","","","","","","","","","","","","","","","","","","","","","",""
"6","6.3","6.3.1","EN_WWT_WWDS","Proportion of safely treated domestic wastewater flows (%)","404","Kenya","A","G","PERCENT","","11.36146","","","","","","","","","","","","","","","","","","","","","","","","","","","","","","","","","","","","","","","",""
"6","6.3","6.3.1","EN_WWT_WWDS","Proportion of safely treated domestic wastewater flows (%)","296","Kiribati","A","G","PERCENT","30.7972","33.2313","","","","","","","","","","","","","","","","","","","","","","","","","","","","","","","","","","","","","","","",""
"6","6.3","6.3.1","EN_WWT_WWDS","Proportion of safely treated domestic wastewater flows (%)","414","Kuwait","A","G","PERCENT","84.7","100","","","","","","","","","","","","","","","","","","","","","","","","","","","","","","","","","","","","","","","",""
"6","6.3","6.3.1","EN_WWT_WWDS","Proportion of safely treated domestic wastewater flows (%)","417","Kyrgyzstan","A","G","PERCENT","18.89341","19.00883","","","","","","","","","","","","","","","","","","","","","","","","","","","","","","","","","","","","","","","",""
"6","6.3","6.3.1","EN_WWT_WWDS","Proportion of safely treated domestic wastewater flows (%)","432","Landlocked developing countries (LLDCs)","A","G","PERCENT","26.87271","20.8304","","","","","","","","","","","","","","","","","","","","","","","","","","","","","","","","","","","","","","","",""
"6","6.3","6.3.1","EN_WWT_WWDS","Proportion of safely treated domestic wastewater flows (%)","418","Lao People's Democratic Republic","A","G","PERCENT","10.09606","10.24687","","","","","","","","","","","","","","","","","","","","","","","","","","","","","","","","","","","","","","","",""
"6","6.3","6.3.1","EN_WWT_WWDS","Proportion of safely treated domestic wastewater flows (%)","419","Latin America and the Caribbean","A","G","PERCENT","40.84037","45.91679","","","","","","","","","","","","","","","","","","","","","","","","","","","","","","","","","","","","","","","",""
"6","6.3","6.3.1","EN_WWT_WWDS","Proportion of safely treated domestic wastewater flows (%)","428","Latvia","A","G","PERCENT","93.14523","87.42036","","","","","","","","","","","","","","","","","","","","","","","","","","","","","","","","","","","","","","","",""
"6","6.3","6.3.1","EN_WWT_WWDS","Proportion of safely treated domestic wastewater flows (%)","199","Least Developed Countries (LDCs)","A","G","PERCENT","22.25117","17.4659","","","","","","","","","","","","","","","","","","","","","","","","","","","","","","","","","","","","","","","",""
"6","6.3","6.3.1","EN_WWT_WWDS","Proportion of safely treated domestic wastewater flows (%)","434","Libya","A","G","PERCENT","16.63242","14.41313","","","","","","","","","","","","","","","","","","","","","","","","","","","","","","","","","","","","","","","",""
"6","6.3","6.3.1","EN_WWT_WWDS","Proportion of safely treated domestic wastewater flows (%)","438","Liechtenstein","A","G","PERCENT","98.1156","","","","","","","","","","","","","","","","","","","","","","","","","","","","","","","","","","","","","","","","",""
"6","6.3","6.3.1","EN_WWT_WWDS","Proportion of safely treated domestic wastewater flows (%)","440","Lithuania","A","G","PERCENT","93.35281","96.75081","","","","","","","","","","","","","","","","","","","","","","","","","","","","","","","","","","","","","","","",""
"6","6.3","6.3.1","EN_WWT_WWDS","Proportion of safely treated domestic wastewater flows (%)","442","Luxembourg","A","G","PERCENT","96.34825","98.63204","","","","","","","","","","","","","","","","","","","","","","","","","","","","","","","","","","","","","","","",""
"6","6.3","6.3.1","EN_WWT_WWDS","Proportion of safely treated domestic wastewater flows (%)","450","Madagascar","A","G","PERCENT","9.30359","10.78688","","","","","","","","","","","","","","","","","","","","","","","","","","","","","","","","","","","","","","","",""
"6","6.3","6.3.1","EN_WWT_WWDS","Proportion of safely treated domestic wastewater flows (%)","454","Malawi","A","G","PERCENT","6.47575","6.33095","","","","","","","","","","","","","","","","","","","","","","","","","","","","","","","","","","","","","","","",""
"6","6.3","6.3.1","EN_WWT_WWDS","Proportion of safely treated domestic wastewater flows (%)","458","Malaysia","A","G","PERCENT","87.8246","89.31612","","","","","","","","","","","","","","","","","","","","","","","","","","","","","","","","","","","","","","","",""
"6","6.3","6.3.1","EN_WWT_WWDS","Proportion of safely treated domestic wastewater flows (%)","466","Mali","A","G","PERCENT","","6.12193","","","","","","","","","","","","","","","","","","","","","","","","","","","","","","","","","","","","","","","",""
"6","6.3","6.3.1","EN_WWT_WWDS","Proportion of safely treated domestic wastewater flows (%)","470","Malta","A","G","PERCENT","15.35631","1.07696","","","","","","","","","","","","","","","","","","","","","","","","","","","","","","","","","","","","","","","",""
"6","6.3","6.3.1","EN_WWT_WWDS","Proportion of safely treated domestic wastewater flows (%)","480","Mauritius","A","G","PERCENT","13.29201","19.0567","","","","","","","","","","","","","","","","","","","","","","","","","","","","","","","","","","","","","","","",""
"6","6.3","6.3.1","EN_WWT_WWDS","Proportion of safely treated domestic wastewater flows (%)","54","Melanesia","A","G","PERCENT","","10.54852","","","","","","","","","","","","","","","","","","","","","","","","","","","","","","","","","","","","","","","",""
"6","6.3","6.3.1","EN_WWT_WWDS","Proportion of safely treated domestic wastewater flows (%)","484","Mexico","A","G","PERCENT","60.09313","64.34873","","","","","","","","","","","","","","","","","","","","","","","","","","","","","","","","","","","","","","","",""
"6","6.3","6.3.1","EN_WWT_WWDS","Proportion of safely treated domestic wastewater flows (%)","492","Monaco","A","G","PERCENT","96.8","96.76617","","","","","","","","","","","","","","","","","","","","","","","","","","","","","","","","","","","","","","","",""
"6","6.3","6.3.1","EN_WWT_WWDS","Proportion of safely treated domestic wastewater flows (%)","496","Mongolia","A","G","PERCENT","10.43006","26.1439","","","","","","","","","","","","","","","","","","","","","","","","","","","","","","","","","","","","","","","",""
"6","6.3","6.3.1","EN_WWT_WWDS","Proportion of safely treated domestic wastewater flows (%)","499","Montenegro","A","G","PERCENT","45.0727","55.27942","","","","","","","","","","","","","","","","","","","","","","","","","","","","","","","","","","","","","","","",""
"6","6.3","6.3.1","EN_WWT_WWDS","Proportion of safely treated domestic wastewater flows (%)","504","Morocco","A","G","PERCENT","36.14309","44.62698","","","","","","","","","","","","","","","","","","","","","","","","","","","","","","","","","","","","","","","",""
"6","6.3","6.3.1","EN_WWT_WWDS","Proportion of safely treated domestic wastewater flows (%)","104","Myanmar","A","G","PERCENT","","15.12371","","","","","","","","","","","","","","","","","","","","","","","","","","","","","","","","","","","","","","","",""
"6","6.3","6.3.1","EN_WWT_WWDS","Proportion of safely treated domestic wastewater flows (%)","524","Nepal","A","G","PERCENT","37.20054","38.59771","","","","","","","","","","","","","","","","","","","","","","","","","","","","","","","","","","","","","","","",""
"6","6.3","6.3.1","EN_WWT_WWDS","Proportion of safely treated domestic wastewater flows (%)","528","Netherlands (Kingdom of the)","A","G","PERCENT","99.81056","99.79","","","","","","","","","","","","","","","","","","","","","","","","","","","","","","","","","","","","","","","",""
"6","6.3","6.3.1","EN_WWT_WWDS","Proportion of safely treated domestic wastewater flows (%)","554","New Zealand","A","G","PERCENT","85.14296","84.477","","","","","","","","","","","","","","","","","","","","","","","","","","","","","","","","","","","","","","","",""
"6","6.3","6.3.1","EN_WWT_WWDS","Proportion of safely treated domestic wastewater flows (%)","558","Nicaragua","A","G","PERCENT","","31.80458","","","","","","","","","","","","","","","","","","","","","","","","","","","","","","","","","","","","","","","",""
"6","6.3","6.3.1","EN_WWT_WWDS","Proportion of safely treated domestic wastewater flows (%)","562","Niger","A","G","PERCENT","4.00021","8.6327","","","","","","","","","","","","","","","","","","","","","","","","","","","","","","","","","","","","","","","",""
"6","6.3","6.3.1","EN_WWT_WWDS","Proportion of safely treated domestic wastewater flows (%)","566","Nigeria","A","G","PERCENT","48.2916","41.29955","","","","","","","","","","","","","","","","","","","","","","","","","","","","","","","","","","","","","","","",""
"6","6.3","6.3.1","EN_WWT_WWDS","Proportion of safely treated domestic wastewater flows (%)","807","North Macedonia","A","G","PERCENT","9.12154","4.86253","","","","","","","","","","","","","","","","","","","","","","","","","","","","","","","","","","","","","","","",""
"6","6.3","6.3.1","EN_WWT_WWDS","Proportion of safely treated domestic wastewater flows (%)","15","Northern Africa","A","G","PERCENT","47.96028","67.54338","","","","","","","","","","","","","","","","","","","","","","","","","","","","","","","","","","","","","","","",""
"6","6.3","6.3.1","EN_WWT_WWDS","Proportion of safely treated domestic wastewater flows (%)","747","Northern Africa and Western Asia","A","G","PERCENT","62.69498","63.77148","","","","","","","","","","","","","","","","","","","","","","","","","","","","","","","","","","","","","","","",""
"6","6.3","6.3.1","EN_WWT_WWDS","Proportion of safely treated domestic wastewater flows (%)","21","Northern America","A","G","PERCENT","89.62537","96.0705","","","","","","","","","","","","","","","","","","","","","","","","","","","","","","","","","","","","","","","",""
"6","6.3","6.3.1","EN_WWT_WWDS","Proportion of safely treated domestic wastewater flows (%)","154","Northern Europe","A","G","PERCENT","","91.06702","","","","","","","","","","","","","","","","","","","","","","","","","","","","","","","","","","","","","","","",""
"6","6.3","6.3.1","EN_WWT_WWDS","Proportion of safely treated domestic wastewater flows (%)","578","Norway","A","G","PERCENT","75.65636","75.81466","","","","","","","","","","","","","","","","","","","","","","","","","","","","","","","","","","","","","","","",""
"6","6.3","6.3.1","EN_WWT_WWDS","Proportion of safely treated domestic wastewater flows (%)","9","Oceania","A","G","PERCENT","77.70924","79.20315","","","","","","","","","","","","","","","","","","","","","","","","","","","","","","","","","","","","","","","",""
"6","6.3","6.3.1","EN_WWT_WWDS","Proportion of safely treated domestic wastewater flows (%)","543","Oceania (exc. Australia and New Zealand)","A","G","PERCENT","","14.84947","","","","","","","","","","","","","","","","","","","","","","","","","","","","","","","","","","","","","","","",""
"6","6.3","6.3.1","EN_WWT_WWDS","Proportion of safely treated domestic wastewater flows (%)","586","Pakistan","A","G","PERCENT","","38.10948","","","","","","","","","","","","","","","","","","","","","","","","","","","","","","","","","","","","","","","",""
"6","6.3","6.3.1","EN_WWT_WWDS","Proportion of safely treated domestic wastewater flows (%)","598","Papua New Guinea","A","G","PERCENT","","5.0648","","","","","","","","","","","","","","","","","","","","","","","","","","","","","","","","","","","","","","","",""
"6","6.3","6.3.1","EN_WWT_WWDS","Proportion of safely treated domestic wastewater flows (%)","600","Paraguay","A","G","PERCENT","","25.14752","","","","","","","","","","","","","","","","","","","","","","","","","","","","","","","","","","","","","","","",""
"6","6.3","6.3.1","EN_WWT_WWDS","Proportion of safely treated domestic wastewater flows (%)","604","Peru","A","G","PERCENT","","48.6528","","","","","","","","","","","","","","","","","","","","","","","","","","","","","","","","","","","","","","","",""
"6","6.3","6.3.1","EN_WWT_WWDS","Proportion of safely treated domestic wastewater flows (%)","608","Philippines","A","G","PERCENT","42.94676","66.58663","","","","","","","","","","","","","","","","","","","","","","","","","","","","","","","","","","","","","","","",""
"6","6.3","6.3.1","EN_WWT_WWDS","Proportion of safely treated domestic wastewater flows (%)","616","Poland","A","G","PERCENT","81.85183","77.37506","","","","","","","","","","","","","","","","","","","","","","","","","","","","","","","","","","","","","","","",""
"6","6.3","6.3.1","EN_WWT_WWDS","Proportion of safely treated domestic wastewater flows (%)","61","Polynesia","A","G","PERCENT","","43.40292","","","","","","","","","","","","","","","","","","","","","","","","","","","","","","","","","","","","","","","",""
"6","6.3","6.3.1","EN_WWT_WWDS","Proportion of safely treated domestic wastewater flows (%)","620","Portugal","A","G","PERCENT","73.58287","87.51369","","","","","","","","","","","","","","","","","","","","","","","","","","","","","","","","","","","","","","","",""
"6","6.3","6.3.1","EN_WWT_WWDS","Proportion of safely treated domestic wastewater flows (%)","630","Puerto Rico","A","G","PERCENT","32.5","32.50916","","","","","","","","","","","","","","","","","","","","","","","","","","","","","","","","","","","","","","","",""
"6","6.3","6.3.1","EN_WWT_WWDS","Proportion of safely treated domestic wastewater flows (%)","634","Qatar","A","G","PERCENT","99.54709","99.94833","","","","","","","","","","","","","","","","","","","","","","","","","","","","","","","","","","","","","","","",""
"6","6.3","6.3.1","EN_WWT_WWDS","Proportion of safely treated domestic wastewater flows (%)","410","Republic of Korea","A","G","PERCENT","99.52509","99.05318","","","","","","","","","","","","","","","","","","","","","","","","","","","","","","","","","","","","","","","",""
"6","6.3","6.3.1","EN_WWT_WWDS","Proportion of safely treated domestic wastewater flows (%)","498","Republic of Moldova","A","G","PERCENT","38.49442","46.1607","","","","","","","","","","","","","","","","","","","","","","","","","","","","","","","","","","","","","","","",""
"6","6.3","6.3.1","EN_WWT_WWDS","Proportion of safely treated domestic wastewater flows (%)","638","Réunion","A","G","PERCENT","74.15555","74.48915","","","","","","","","","","","","","","","","","","","","","","","","","","","","","","","","","","","","","","","",""
"6","6.3","6.3.1","EN_WWT_WWDS","Proportion of safely treated domestic wastewater flows (%)","642","Romania","A","G","PERCENT","48.32247","30.08521","","","","","","","","","","","","","","","","","","","","","","","","","","","","","","","","","","","","","","","",""
"6","6.3","6.3.1","EN_WWT_WWDS","Proportion of safely treated domestic wastewater flows (%)","643","Russian Federation","A","G","PERCENT","12.92399","14.73645","","","","","","","","","","","","","","","","","","","","","","","","","","","","","","","","","","","","","","","",""
"6","6.3","6.3.1","EN_WWT_WWDS","Proportion of safely treated domestic wastewater flows (%)","882","Samoa","A","G","PERCENT","46.68055","42.8632","","","","","","","","","","","","","","","","","","","","","","","","","","","","","","","","","","","","","","","",""
"6","6.3","6.3.1","EN_WWT_WWDS","Proportion of safely treated domestic wastewater flows (%)","674","San Marino","A","G","PERCENT","90.1925","90.19249","","","","","","","","","","","","","","","","","","","","","","","","","","","","","","","","","","","","","","","",""
"6","6.3","6.3.1","EN_WWT_WWDS","Proportion of safely treated domestic wastewater flows (%)","682","Saudi Arabia","A","G","PERCENT","79.63548","85.19016","","","","","","","","","","","","","","","","","","","","","","","","","","","","","","","","","","","","","","","",""
"6","6.3","6.3.1","EN_WWT_WWDS","Proportion of safely treated domestic wastewater flows (%)","686","Senegal","A","G","PERCENT","14.16667","7.79963","","","","","","","","","","","","","","","","","","","","","","","","","","","","","","","","","","","","","","","",""
"6","6.3","6.3.1","EN_WWT_WWDS","Proportion of safely treated domestic wastewater flows (%)","688","Serbia","A","G","PERCENT","27.05284","36.47714","","","","","","","","","","","","","","","","","","","","","","","","","","","","","","","","","","","","","","","",""
"6","6.3","6.3.1","EN_WWT_WWDS","Proportion of safely treated domestic wastewater flows (%)","694","Sierra Leone","A","G","PERCENT","8.392","15.33195","","","","","","","","","","","","","","","","","","","","","","","","","","","","","","","","","","","","","","","",""
"6","6.3","6.3.1","EN_WWT_WWDS","Proportion of safely treated domestic wastewater flows (%)","702","Singapore","A","G","PERCENT","100","100","","","","","","","","","","","","","","","","","","","","","","","","","","","","","","","","","","","","","","","",""
"6","6.3","6.3.1","EN_WWT_WWDS","Proportion of safely treated domestic wastewater flows (%)","703","Slovakia","A","G","PERCENT","79.78519","81.97028","","","","","","","","","","","","","","","","","","","","","","","","","","","","","","","","","","","","","","","",""
"6","6.3","6.3.1","EN_WWT_WWDS","Proportion of safely treated domestic wastewater flows (%)","705","Slovenia","A","G","PERCENT","67.20513","65.22262","","","","","","","","","","","","","","","","","","","","","","","","","","","","","","","","","","","","","","","",""
"6","6.3","6.3.1","EN_WWT_WWDS","Proportion of safely treated domestic wastewater flows (%)","722","Small island developing States (SIDS)","A","G","PERCENT","","41.08605","","","","","","","","","","","","","","","","","","","","","","","","","","","","","","","","","","","","","","","",""
"6","6.3","6.3.1","EN_WWT_WWDS","Proportion of safely treated domestic wastewater flows (%)","710","South Africa","A","G","PERCENT","61.29138","41.29201","","","","","","","","","","","","","","","","","","","","","","","","","","","","","","","","","","","","","","","",""
"6","6.3","6.3.1","EN_WWT_WWDS","Proportion of safely treated domestic wastewater flows (%)","5","South America","A","G","PERCENT","","41.86473","","","","","","","","","","","","","","","","","","","","","","","","","","","","","","","","","","","","","","","",""
"6","6.3","6.3.1","EN_WWT_WWDS","Proportion of safely treated domestic wastewater flows (%)","35","South-Eastern Asia","A","G","PERCENT","","47.66695","","","","","","","","","","","","","","","","","","","","","","","","","","","","","","","","","","","","","","","",""
"6","6.3","6.3.1","EN_WWT_WWDS","Proportion of safely treated domestic wastewater flows (%)","18","Southern Africa","A","G","PERCENT","","40.94726","","","","","","","","","","","","","","","","","","","","","","","","","","","","","","","","","","","","","","","",""
"6","6.3","6.3.1","EN_WWT_WWDS","Proportion of safely treated domestic wastewater flows (%)","34","Southern Asia","A","G","PERCENT","25.21818","23.60093","","","","","","","","","","","","","","","","","","","","","","","","","","","","","","","","","","","","","","","",""
"6","6.3","6.3.1","EN_WWT_WWDS","Proportion of safely treated domestic wastewater flows (%)","39","Southern Europe","A","G","PERCENT","","73.16039","","","","","","","","","","","","","","","","","","","","","","","","","","","","","","","","","","","","","","","",""
"6","6.3","6.3.1","EN_WWT_WWDS","Proportion of safely treated domestic wastewater flows (%)","724","Spain","A","G","PERCENT","86.01582","79.90253","","","","","","","","","","","","","","","","","","","","","","","","","","","","","","","","","","","","","","","",""
"6","6.3","6.3.1","EN_WWT_WWDS","Proportion of safely treated domestic wastewater flows (%)","275","State of Palestine","A","G","PERCENT","48.36285","","","","","","","","","","","","","","","","","","","","","","","","","","","","","","","","","","","","","","","","",""
"6","6.3","6.3.1","EN_WWT_WWDS","Proportion of safely treated domestic wastewater flows (%)","202","Sub-Saharan Africa","A","G","PERCENT","27.59818","20.08288","","","","","","","","","","","","","","","","","","","","","","","","","","","","","","","","","","","","","","","",""
"6","6.3","6.3.1","EN_WWT_WWDS","Proportion of safely treated domestic wastewater flows (%)","740","Suriname","A","G","PERCENT","23.81762","23.82751","","","","","","","","","","","","","","","","","","","","","","","","","","","","","","","","","","","","","","","",""
"6","6.3","6.3.1","EN_WWT_WWDS","Proportion of safely treated domestic wastewater flows (%)","752","Sweden","A","G","PERCENT","95.2005","96.98074","","","","","","","","","","","","","","","","","","","","","","","","","","","","","","","","","","","","","","","",""
"6","6.3","6.3.1","EN_WWT_WWDS","Proportion of safely treated domestic wastewater flows (%)","756","Switzerland","A","G","PERCENT","99.20436","99.29131","","","","","","","","","","","","","","","","","","","","","","","","","","","","","","","","","","","","","","","",""
"6","6.3","6.3.1","EN_WWT_WWDS","Proportion of safely treated domestic wastewater flows (%)","764","Thailand","A","G","PERCENT","24.40229","24.61012","","","","","","","","","","","","","","","","","","","","","","","","","","","","","","","","","","","","","","","",""
"6","6.3","6.3.1","EN_WWT_WWDS","Proportion of safely treated domestic wastewater flows (%)","768","Togo","A","G","PERCENT","15.0379","14.95807","","","","","","","","","","","","","","","","","","","","","","","","","","","","","","","","","","","","","","","",""
"6","6.3","6.3.1","EN_WWT_WWDS","Proportion of safely treated domestic wastewater flows (%)","776","Tonga","A","G","PERCENT","28.59977","30.39983","","","","","","","","","","","","","","","","","","","","","","","","","","","","","","","","","","","","","","","",""
"6","6.3","6.3.1","EN_WWT_WWDS","Proportion of safely treated domestic wastewater flows (%)","788","Tunisia","A","G","PERCENT","59.72575","72.89782","","","","","","","","","","","","","","","","","","","","","","","","","","","","","","","","","","","","","","","",""
"6","6.3","6.3.1","EN_WWT_WWDS","Proportion of safely treated domestic wastewater flows (%)","792","Türkiye","A","G","PERCENT","63.32585","64.67512","","","","","","","","","","","","","","","","","","","","","","","","","","","","","","","","","","","","","","","",""
"6","6.3","6.3.1","EN_WWT_WWDS","Proportion of safely treated domestic wastewater flows (%)","796","Turks and Caicos Islands","A","G","PERCENT","","30.61119","","","","","","","","","","","","","","","","","","","","","","","","","","","","","","","","","","","","","","","",""
"6","6.3","6.3.1","EN_WWT_WWDS","Proportion of safely treated domestic wastewater flows (%)","798","Tuvalu","A","G","PERCENT","2.04231","42.62665","","","","","","","","","","","","","","","","","","","","","","","","","","","","","","","","","","","","","","","",""
"6","6.3","6.3.1","EN_WWT_WWDS","Proportion of safely treated domestic wastewater flows (%)","800","Uganda","A","G","PERCENT","","3.67737","","","","","","","","","","","","","","","","","","","","","","","","","","","","","","","","","","","","","","","",""
"6","6.3","6.3.1","EN_WWT_WWDS","Proportion of safely treated domestic wastewater flows (%)","804","Ukraine","A","G","PERCENT","34.28519","50.23122","","","","","","","","","","","","","","","","","","","","","","","","","","","","","","","","","","","","","","","",""
"6","6.3","6.3.1","EN_WWT_WWDS","Proportion of safely treated domestic wastewater flows (%)","784","United Arab Emirates","A","G","PERCENT","95.90876","94.95617","","","","","","","","","","","","","","","","","","","","","","","","","","","","","","","","","","","","","","","",""
"6","6.3","6.3.1","EN_WWT_WWDS","Proportion of safely treated domestic wastewater flows (%)","826","United Kingdom of Great Britain and Northern Ireland","A","G","PERCENT","98.80168","97.45331","","","","","","","","","","","","","","","","","","","","","","","","","","","","","","","","","","","","","","","",""
"6","6.3","6.3.1","EN_WWT_WWDS","Proportion of safely treated domestic wastewater flows (%)","834","United Republic of Tanzania","A","G","PERCENT","","7.66926","","","","","","","","","","","","","","","","","","","","","","","","","","","","","","","","","","","","","","","",""
"6","6.3","6.3.1","EN_WWT_WWDS","Proportion of safely treated domestic wastewater flows (%)","840","United States of America","A","G","PERCENT","91.06476","97.85021","","","","","","","","","","","","","","","","","","","","","","","","","","","","","","","","","","","","","","","",""
"6","6.3","6.3.1","EN_WWT_WWDS","Proportion of safely treated domestic wastewater flows (%)","860","Uzbekistan","A","G","PERCENT","32.266","","","","","","","","","","","","","","","","","","","","","","","","","","","","","","","","","","","","","","","","",""
"6","6.3","6.3.1","EN_WWT_WWDS","Proportion of safely treated domestic wastewater flows (%)","704","Viet Nam","A","G","PERCENT","","39.92022","","","","","","","","","","","","","","","","","","","","","","","","","","","","","","","","","","","","","","","",""
"6","6.3","6.3.1","EN_WWT_WWDS","Proportion of safely treated domestic wastewater flows (%)","11","Western Africa","A","G","PERCENT","","26.46749","","","","","","","","","","","","","","","","","","","","","","","","","","","","","","","","","","","","","","","",""
"6","6.3","6.3.1","EN_WWT_WWDS","Proportion of safely treated domestic wastewater flows (%)","145","Western Asia","A","G","PERCENT","71.43557","61.33014","","","","","","","","","","","","","","","","","","","","","","","","","","","","","","","","","","","","","","","",""
"6","6.3","6.3.1","EN_WWT_WWDS","Proportion of safely treated domestic wastewater flows (%)","155","Western Europe","A","G","PERCENT","","95.43708","","","","","","","","","","","","","","","","","","","","","","","","","","","","","","","","","","","","","","","",""
"6","6.3","6.3.1","EN_WWT_WWDS","Proportion of safely treated domestic wastewater flows (%)","1","World","A","G","PERCENT","55.50296","57.79183","","","","","","","","","","","","","","","","","","","","","","","","","","","","","","","","","","","","","","","",""
"6","6.3","6.3.1","EN_WWT_WWDS","Proportion of safely treated domestic wastewater flows (%)","887","Yemen","A","G","PERCENT","34.40292","28.11094","","","","","","","","","","","","","","","","","","","","","","","","","","","","","","","","","","","","","","","",""
"6","6.3","6.3.1","EN_WWT_WWDS","Proportion of safely treated domestic wastewater flows (%)","716","Zimbabwe","A","G","PERCENT","22.9922","54.78279","","","","","","","","","","","","","","","","","","","","","","","","","","","","","","","","","","","","","","","",""
